Init(): About to read input file
ReadMachineClass(): Reading machine descriptor
ReadTaskClass(): Reading task descriptor
ReadTaskClass(): Task 0 with 806465000 instructions added at 62073
ReadTaskClass(): Task 1 with 1038916000 instructions added at 333607
ReadTaskClass(): Task 2 with 667543000 instructions added at 637358
ReadTaskClass(): Task 3 with 1181041000 instructions added at 722677
ReadTaskClass(): Task 4 with 1195136000 instructions added at 759499
ReadTaskClass(): Task 5 with 1189561000 instructions added at 787982
ReadTaskClass(): Task 6 with 1024987000 instructions added at 902269
ReadTaskClass(): Task 7 with 920733000 instructions added at 1235725
ReadTaskClass(): Task 8 with 872400000 instructions added at 1244393
ReadTaskClass(): Task 9 with 1263468000 instructions added at 1310280
ReadTaskClass(): Task 10 with 728163000 instructions added at 1325910
ReadTaskClass(): Task 11 with 878112000 instructions added at 1456501
ReadTaskClass(): Task 12 with 953101000 instructions added at 1598442
ReadTaskClass(): Task 13 with 660095000 instructions added at 1711749
ReadTaskClass(): Task 14 with 1082948000 instructions added at 2038794
ReadTaskClass(): Task 15 with 989104000 instructions added at 2368172
ReadTaskClass(): Task 16 with 767906000 instructions added at 2392064
ReadTaskClass(): Task 17 with 1137474000 instructions added at 2412436
ReadTaskClass(): Task 18 with 1344031000 instructions added at 2486391
ReadTaskClass(): Task 19 with 902761000 instructions added at 2489829
ReadTaskClass(): Task 20 with 1238740000 instructions added at 2511912
ReadTaskClass(): Task 21 with 898259000 instructions added at 2522168
ReadTaskClass(): Task 22 with 1018916000 instructions added at 2936168
ReadTaskClass(): Task 23 with 1103456000 instructions added at 2994099
ReadTaskClass(): Task 24 with 1240054000 instructions added at 3497128
ReadTaskClass(): Task 25 with 1092221000 instructions added at 3599522
ReadTaskClass(): Task 26 with 830982000 instructions added at 3740240
ReadTaskClass(): Task 27 with 1219711000 instructions added at 3901055
ReadTaskClass(): Task 28 with 1243752000 instructions added at 3908948
ReadTaskClass(): Task 29 with 1162925000 instructions added at 4020679
ReadTaskClass(): Task 30 with 1046119000 instructions added at 4106066
ReadTaskClass(): Task 31 with 1322511000 instructions added at 4223782
ReadTaskClass(): Task 32 with 1157847000 instructions added at 4523518
ReadTaskClass(): Task 33 with 1029450000 instructions added at 4599548
ReadTaskClass(): Task 34 with 751639000 instructions added at 5371883
ReadTaskClass(): Task 35 with 1131851000 instructions added at 5538924
ReadTaskClass(): Task 36 with 732736000 instructions added at 5541152
ReadTaskClass(): Task 37 with 1024111000 instructions added at 5733636
ReadTaskClass(): Task 38 with 712285000 instructions added at 5803747
ReadTaskClass(): Task 39 with 875563000 instructions added at 5989314
ReadTaskClass(): Task 40 with 1286247000 instructions added at 6210372
ReadTaskClass(): Task 41 with 869742000 instructions added at 6558505
ReadTaskClass(): Task 42 with 665529000 instructions added at 6667675
ReadTaskClass(): Task 43 with 1103297000 instructions added at 6886860
ReadTaskClass(): Task 44 with 670590000 instructions added at 6948783
ReadTaskClass(): Task 45 with 1253176000 instructions added at 8002022
ReadTaskClass(): Task 46 with 1283716000 instructions added at 8045900
ReadTaskClass(): Task 47 with 1221046000 instructions added at 8155198
ReadTaskClass(): Task 48 with 961438000 instructions added at 8739283
ReadTaskClass(): Task 49 with 812075000 instructions added at 9005071
ReadTaskClass(): Task 50 with 994357000 instructions added at 9342398
ReadTaskClass(): Task 51 with 1121216000 instructions added at 9492703
ReadTaskClass(): Task 52 with 1139406000 instructions added at 9851054
ReadTaskClass(): Task 53 with 1174939000 instructions added at 10212564
ReadTaskClass(): Task 54 with 740717000 instructions added at 10305006
ReadTaskClass(): Task 55 with 775219000 instructions added at 10517694
ReadTaskClass(): Task 56 with 1098046000 instructions added at 10814110
ReadTaskClass(): Task 57 with 1145378000 instructions added at 10945148
ReadTaskClass(): Task 58 with 1036756000 instructions added at 11200584
ReadTaskClass(): Task 59 with 896997000 instructions added at 11478891
ReadTaskClass(): Task 60 with 985579000 instructions added at 11589869
ReadTaskClass(): Task 61 with 703102000 instructions added at 11596992
ReadTaskClass(): Task 62 with 1195517000 instructions added at 11746951
ReadTaskClass(): Task 63 with 1244740000 instructions added at 11916051
ReadTaskClass(): Task 64 with 1308719000 instructions added at 12255442
ReadTaskClass(): Task 65 with 1087379000 instructions added at 12390610
ReadTaskClass(): Task 66 with 1137010000 instructions added at 12585049
ReadTaskClass(): Task 67 with 1247270000 instructions added at 12684383
ReadTaskClass(): Task 68 with 998313000 instructions added at 12832373
ReadTaskClass(): Task 69 with 855906000 instructions added at 12965383
ReadTaskClass(): Task 70 with 1142686000 instructions added at 13409106
ReadTaskClass(): Task 71 with 782076000 instructions added at 13680094
ReadTaskClass(): Task 72 with 1010376000 instructions added at 13780656
ReadTaskClass(): Task 73 with 662420000 instructions added at 13835187
ReadTaskClass(): Task 74 with 665901000 instructions added at 13941308
ReadTaskClass(): Task 75 with 1331038000 instructions added at 14017406
ReadTaskClass(): Task 76 with 699451000 instructions added at 14106444
ReadTaskClass(): Task 77 with 730202000 instructions added at 14144374
ReadTaskClass(): Task 78 with 1061682000 instructions added at 14182783
ReadTaskClass(): Task 79 with 1265431000 instructions added at 14596555
ReadTaskClass(): Task 80 with 1219069000 instructions added at 14847444
ReadTaskClass(): Task 81 with 1085160000 instructions added at 15929208
ReadTaskClass(): Reading task descriptor
ReadTaskClass(): Task 82 with 2270740704 instructions added at 5003061
ReadTaskClass(): Task 83 with 4071377000 instructions added at 5004086
ReadTaskClass(): Task 84 with 3954219000 instructions added at 5005691
ReadTaskClass(): Task 85 with 2464274704 instructions added at 5006149
ReadTaskClass(): Task 86 with 1655774704 instructions added at 5006304
ReadTaskClass(): Task 87 with 2165599704 instructions added at 5006827
ReadTaskClass(): Task 88 with 522020704 instructions added at 5009850
ReadTaskClass(): Task 89 with 3506080704 instructions added at 5009997
ReadTaskClass(): Task 90 with 1386839704 instructions added at 5010332
ReadTaskClass(): Task 91 with 857085704 instructions added at 5010412
ReadTaskClass(): Task 92 with 569944704 instructions added at 5011110
ReadTaskClass(): Task 93 with 412885704 instructions added at 5014476
ReadTaskClass(): Task 94 with 3993174000 instructions added at 5017985
ReadTaskClass(): Task 95 with 3992514000 instructions added at 5018872
ReadTaskClass(): Task 96 with 2984906704 instructions added at 5019121
ReadTaskClass(): Task 97 with 1784180704 instructions added at 5019510
ReadTaskClass(): Task 98 with 1410851704 instructions added at 5020868
ReadTaskClass(): Task 99 with 571668704 instructions added at 5022616
ReadTaskClass(): Task 100 with 3141252704 instructions added at 5023892
ReadTaskClass(): Task 101 with 55271704 instructions added at 5024396
ReadTaskClass(): Task 102 with 1269756704 instructions added at 5024701
ReadTaskClass(): Task 103 with 1309291704 instructions added at 5026413
ReadTaskClass(): Task 104 with 1007516704 instructions added at 5026989
ReadTaskClass(): Task 105 with 4117928000 instructions added at 5027827
ReadTaskClass(): Task 106 with 930101704 instructions added at 5028134
ReadTaskClass(): Task 107 with 2577428704 instructions added at 5030966
ReadTaskClass(): Task 108 with 2302442704 instructions added at 5032757
ReadTaskClass(): Task 109 with 3573942704 instructions added at 5034060
ReadTaskClass(): Task 110 with 3600858704 instructions added at 5034614
ReadTaskClass(): Task 111 with 2938760704 instructions added at 5036000
ReadTaskClass(): Task 112 with 117497704 instructions added at 5037358
ReadTaskClass(): Task 113 with 1998855704 instructions added at 5038809
ReadTaskClass(): Task 114 with 624466704 instructions added at 5039976
ReadTaskClass(): Task 115 with 3649436704 instructions added at 5041520
ReadTaskClass(): Task 116 with 3928735000 instructions added at 5041897
ReadTaskClass(): Task 117 with 2088054704 instructions added at 5043811
ReadTaskClass(): Task 118 with 3336411704 instructions added at 5043842
ReadTaskClass(): Task 119 with 3758700704 instructions added at 5044444
ReadTaskClass(): Task 120 with 1314126704 instructions added at 5047954
ReadTaskClass(): Task 121 with 3582863704 instructions added at 5049306
ReadTaskClass(): Task 122 with 1724580704 instructions added at 5049325
ReadTaskClass(): Task 123 with 1750535704 instructions added at 5050778
ReadTaskClass(): Task 124 with 4088536000 instructions added at 5052075
ReadTaskClass(): Task 125 with 932094704 instructions added at 5052362
ReadTaskClass(): Task 126 with 4154871000 instructions added at 5052598
ReadTaskClass(): Task 127 with 4291566000 instructions added at 5052658
ReadTaskClass(): Task 128 with 2931939704 instructions added at 5053022
ReadTaskClass(): Task 129 with 514014704 instructions added at 5054973
ReadTaskClass(): Task 130 with 445953704 instructions added at 5058211
ReadTaskClass(): Task 131 with 2878355704 instructions added at 5058236
ReadTaskClass(): Task 132 with 83101704 instructions added at 5058418
ReadTaskClass(): Task 133 with 824008704 instructions added at 5060889
ReadTaskClass(): Task 134 with 3975973000 instructions added at 5061829
ReadTaskClass(): Task 135 with 3168568704 instructions added at 5062119
ReadTaskClass(): Task 136 with 1790123704 instructions added at 5063792
ReadTaskClass(): Task 137 with 3511176704 instructions added at 5063909
ReadTaskClass(): Task 138 with 943226704 instructions added at 5064238
ReadTaskClass(): Task 139 with 1950246704 instructions added at 5067912
ReadTaskClass(): Task 140 with 599209704 instructions added at 5070231
ReadTaskClass(): Task 141 with 2455584704 instructions added at 5070721
ReadTaskClass(): Task 142 with 648137704 instructions added at 5071951
ReadTaskClass(): Task 143 with 558810704 instructions added at 5073616
ReadTaskClass(): Task 144 with 780315704 instructions added at 5075534
ReadTaskClass(): Task 145 with 530179704 instructions added at 5076284
ReadTaskClass(): Task 146 with 2914272704 instructions added at 5076814
ReadTaskClass(): Task 147 with 4126246000 instructions added at 5077380
ReadTaskClass(): Task 148 with 765815704 instructions added at 5078540
ReadTaskClass(): Task 149 with 1768109704 instructions added at 5082833
ReadTaskClass(): Task 150 with 4125313000 instructions added at 5083430
ReadTaskClass(): Task 151 with 339911704 instructions added at 5083661
ReadTaskClass(): Task 152 with 443288704 instructions added at 5083663
ReadTaskClass(): Task 153 with 3111372704 instructions added at 5086453
ReadTaskClass(): Task 154 with 1123711704 instructions added at 5086700
ReadTaskClass(): Task 155 with 766615704 instructions added at 5087245
ReadTaskClass(): Task 156 with 1870002704 instructions added at 5087946
ReadTaskClass(): Task 157 with 3622235704 instructions added at 5088571
ReadTaskClass(): Task 158 with 1205428704 instructions added at 5090113
ReadTaskClass(): Task 159 with 493945704 instructions added at 5090440
ReadTaskClass(): Task 160 with 3749567704 instructions added at 5091206
ReadTaskClass(): Task 161 with 2567089704 instructions added at 5093005
ReadTaskClass(): Task 162 with 1694271704 instructions added at 5093098
ReadTaskClass(): Task 163 with 952191704 instructions added at 5093152
ReadTaskClass(): Task 164 with 513492704 instructions added at 5093165
ReadTaskClass(): Task 165 with 1122582704 instructions added at 5094710
ReadTaskClass(): Task 166 with 2975163704 instructions added at 5095011
ReadTaskClass(): Task 167 with 3282421704 instructions added at 5096484
ReadTaskClass(): Task 168 with 3535636704 instructions added at 5098239
ReadTaskClass(): Task 169 with 2023845704 instructions added at 5099686
ReadTaskClass(): Task 170 with 4087730000 instructions added at 5100329
ReadTaskClass(): Task 171 with 1886498704 instructions added at 5100488
ReadTaskClass(): Task 172 with 2823228704 instructions added at 5100984
ReadTaskClass(): Task 173 with 2635658704 instructions added at 5100984
ReadTaskClass(): Task 174 with 2605090704 instructions added at 5101059
ReadTaskClass(): Task 175 with 1842734704 instructions added at 5101656
ReadTaskClass(): Task 176 with 2067480704 instructions added at 5102107
ReadTaskClass(): Task 177 with 952396704 instructions added at 5104285
ReadTaskClass(): Task 178 with 4106824000 instructions added at 5104870
ReadTaskClass(): Task 179 with 994145704 instructions added at 5106703
ReadTaskClass(): Task 180 with 1448405704 instructions added at 5108092
ReadTaskClass(): Task 181 with 2646906704 instructions added at 5108215
ReadTaskClass(): Task 182 with 3282220704 instructions added at 5109970
ReadTaskClass(): Task 183 with 1516914704 instructions added at 5112263
ReadTaskClass(): Task 184 with 817855704 instructions added at 5113615
ReadTaskClass(): Task 185 with 3616447704 instructions added at 5113916
ReadTaskClass(): Task 186 with 2739388704 instructions added at 5116192
ReadTaskClass(): Task 187 with 2610208704 instructions added at 5116856
ReadTaskClass(): Task 188 with 1229001704 instructions added at 5119406
ReadTaskClass(): Task 189 with 776479704 instructions added at 5119886
ReadTaskClass(): Task 190 with 1669227704 instructions added at 5120269
ReadTaskClass(): Task 191 with 432781704 instructions added at 5121013
ReadTaskClass(): Task 192 with 4110888000 instructions added at 5121638
ReadTaskClass(): Task 193 with 1000652704 instructions added at 5122766
ReadTaskClass(): Task 194 with 3503966704 instructions added at 5122804
ReadTaskClass(): Task 195 with 2955687704 instructions added at 5124696
ReadTaskClass(): Task 196 with 3567112704 instructions added at 5125133
ReadTaskClass(): Task 197 with 3417446704 instructions added at 5125283
ReadTaskClass(): Task 198 with 408768704 instructions added at 5125315
ReadTaskClass(): Task 199 with 53815704 instructions added at 5126332
ReadTaskClass(): Task 200 with 643055704 instructions added at 5127325
ReadTaskClass(): Task 201 with 3045358704 instructions added at 5127532
ReadTaskClass(): Task 202 with 1547580704 instructions added at 5127878
ReadTaskClass(): Task 203 with 637412704 instructions added at 5128895
ReadTaskClass(): Task 204 with 3049395704 instructions added at 5129415
ReadTaskClass(): Task 205 with 1674062704 instructions added at 5130454
ReadTaskClass(): Task 206 with 1844032704 instructions added at 5130784
ReadTaskClass(): Task 207 with 178485704 instructions added at 5131158
ReadTaskClass(): Task 208 with 945757704 instructions added at 5131241
ReadTaskClass(): Task 209 with 2580111704 instructions added at 5132861
ReadTaskClass(): Task 210 with 3175317704 instructions added at 5133635
ReadTaskClass(): Task 211 with 4205368000 instructions added at 5136250
ReadTaskClass(): Task 212 with 1976062704 instructions added at 5136750
ReadTaskClass(): Task 213 with 797435704 instructions added at 5136879
ReadTaskClass(): Task 214 with 695040704 instructions added at 5136885
ReadTaskClass(): Task 215 with 2668147704 instructions added at 5137357
ReadTaskClass(): Task 216 with 887820704 instructions added at 5138733
ReadTaskClass(): Task 217 with 1399719704 instructions added at 5138868
ReadTaskClass(): Task 218 with 4200369000 instructions added at 5138941
ReadTaskClass(): Task 219 with 2688421704 instructions added at 5141811
ReadTaskClass(): Task 220 with 222197704 instructions added at 5144276
ReadTaskClass(): Task 221 with 3176121704 instructions added at 5144508
ReadTaskClass(): Task 222 with 3543301704 instructions added at 5145643
ReadTaskClass(): Task 223 with 1558683704 instructions added at 5146365
ReadTaskClass(): Task 224 with 3716565704 instructions added at 5146886
ReadTaskClass(): Task 225 with 2906967704 instructions added at 5148604
ReadTaskClass(): Task 226 with 2325697704 instructions added at 5149154
ReadTaskClass(): Task 227 with 3975381000 instructions added at 5149352
ReadTaskClass(): Task 228 with 949094704 instructions added at 5149755
ReadTaskClass(): Task 229 with 364792704 instructions added at 5150403
ReadTaskClass(): Task 230 with 2326012704 instructions added at 5152505
ReadTaskClass(): Task 231 with 2013124704 instructions added at 5152596
ReadTaskClass(): Task 232 with 3451649704 instructions added at 5152901
ReadTaskClass(): Task 233 with 3383010704 instructions added at 5153218
ReadTaskClass(): Task 234 with 1088122704 instructions added at 5153600
ReadTaskClass(): Task 235 with 230746704 instructions added at 5155291
ReadTaskClass(): Task 236 with 3683558704 instructions added at 5158019
ReadTaskClass(): Task 237 with 662212704 instructions added at 5159363
ReadTaskClass(): Task 238 with 143262704 instructions added at 5160823
ReadTaskClass(): Task 239 with 920648704 instructions added at 5161269
ReadTaskClass(): Task 240 with 2113388704 instructions added at 5163339
ReadTaskClass(): Task 241 with 423197704 instructions added at 5164887
ReadTaskClass(): Task 242 with 2888083704 instructions added at 5165845
ReadTaskClass(): Task 243 with 513329704 instructions added at 5166289
ReadTaskClass(): Task 244 with 1477450704 instructions added at 5167199
ReadTaskClass(): Task 245 with 479195704 instructions added at 5167731
ReadTaskClass(): Task 246 with 3627142704 instructions added at 5168094
ReadTaskClass(): Task 247 with 3209637704 instructions added at 5169098
ReadTaskClass(): Task 248 with 3579155704 instructions added at 5169391
ReadTaskClass(): Task 249 with 1723224704 instructions added at 5169710
ReadTaskClass(): Task 250 with 733579704 instructions added at 5170113
ReadTaskClass(): Task 251 with 2853891704 instructions added at 5170246
ReadTaskClass(): Task 252 with 1597994704 instructions added at 5170794
ReadTaskClass(): Task 253 with 3335066704 instructions added at 5172287
ReadTaskClass(): Task 254 with 1260790704 instructions added at 5172553
ReadTaskClass(): Task 255 with 1484337704 instructions added at 5175499
ReadTaskClass(): Task 256 with 1561816704 instructions added at 5175951
ReadTaskClass(): Task 257 with 1540091704 instructions added at 5176020
ReadTaskClass(): Task 258 with 3075659704 instructions added at 5178527
ReadTaskClass(): Task 259 with 378970704 instructions added at 5178890
ReadTaskClass(): Task 260 with 2423039704 instructions added at 5179680
ReadTaskClass(): Task 261 with 1078551704 instructions added at 5180394
ReadTaskClass(): Task 262 with 3438115704 instructions added at 5184842
ReadTaskClass(): Task 263 with 887948704 instructions added at 5185314
ReadTaskClass(): Task 264 with 3644323704 instructions added at 5187486
ReadTaskClass(): Task 265 with 1717546704 instructions added at 5188152
ReadTaskClass(): Task 266 with 2289529704 instructions added at 5189493
ReadTaskClass(): Task 267 with 1710761704 instructions added at 5189802
ReadTaskClass(): Task 268 with 1346306704 instructions added at 5189855
ReadTaskClass(): Task 269 with 4251323000 instructions added at 5189934
ReadTaskClass(): Task 270 with 2670766704 instructions added at 5189968
ReadTaskClass(): Task 271 with 360971704 instructions added at 5191138
ReadTaskClass(): Task 272 with 1857526704 instructions added at 5191614
ReadTaskClass(): Task 273 with 3625001704 instructions added at 5192481
ReadTaskClass(): Task 274 with 4228489000 instructions added at 5193354
ReadTaskClass(): Task 275 with 1588159704 instructions added at 5196553
ReadTaskClass(): Task 276 with 2069621704 instructions added at 5197804
ReadTaskClass(): Task 277 with 4078837000 instructions added at 5197938
ReadTaskClass(): Task 278 with 2196819704 instructions added at 5198622
ReadTaskClass(): Task 279 with 1940947704 instructions added at 5198679
ReadTaskClass(): Task 280 with 2114561704 instructions added at 5199982
ReadTaskClass(): Task 281 with 1440269704 instructions added at 5201687
ReadTaskClass(): Task 282 with 244956704 instructions added at 5203251
ReadTaskClass(): Task 283 with 2350713704 instructions added at 5204707
ReadTaskClass(): Task 284 with 2571754704 instructions added at 5208353
ReadTaskClass(): Task 285 with 3980667000 instructions added at 5209609
ReadTaskClass(): Task 286 with 1689999704 instructions added at 5210372
ReadTaskClass(): Task 287 with 2024281704 instructions added at 5215127
ReadTaskClass(): Task 288 with 2727413704 instructions added at 5215819
ReadTaskClass(): Task 289 with 1503444704 instructions added at 5217789
ReadTaskClass(): Task 290 with 3975384000 instructions added at 5218961
ReadTaskClass(): Task 291 with 99844704 instructions added at 5220525
ReadTaskClass(): Task 292 with 2365525704 instructions added at 5221885
ReadTaskClass(): Task 293 with 3201465704 instructions added at 5223694
ReadTaskClass(): Task 294 with 2262506704 instructions added at 5223741
ReadTaskClass(): Task 295 with 1816393704 instructions added at 5223835
ReadTaskClass(): Task 296 with 1184293704 instructions added at 5224609
ReadTaskClass(): Task 297 with 2236958704 instructions added at 5224998
ReadTaskClass(): Task 298 with 1241115704 instructions added at 5227098
ReadTaskClass(): Task 299 with 2312705704 instructions added at 5227576
ReadTaskClass(): Task 300 with 3649335704 instructions added at 5228524
ReadTaskClass(): Task 301 with 219720704 instructions added at 5228644
ReadTaskClass(): Task 302 with 961073704 instructions added at 5229395
ReadTaskClass(): Task 303 with 3596235704 instructions added at 5229486
ReadTaskClass(): Task 304 with 1766415704 instructions added at 5229926
ReadTaskClass(): Task 305 with 1388016704 instructions added at 5230499
ReadTaskClass(): Task 306 with 1269364704 instructions added at 5230587
ReadTaskClass(): Task 307 with 558891704 instructions added at 5230765
ReadTaskClass(): Task 308 with 3610034704 instructions added at 5231158
ReadTaskClass(): Task 309 with 3017972704 instructions added at 5231383
ReadTaskClass(): Task 310 with 1968107704 instructions added at 5235894
ReadTaskClass(): Task 311 with 3678692704 instructions added at 5236451
ReadTaskClass(): Task 312 with 3049749704 instructions added at 5237514
ReadTaskClass(): Task 313 with 577067704 instructions added at 5238171
ReadTaskClass(): Task 314 with 3950307000 instructions added at 5238927
ReadTaskClass(): Task 315 with 563367704 instructions added at 5239413
ReadTaskClass(): Task 316 with 2523720704 instructions added at 5241275
ReadTaskClass(): Task 317 with 1219145704 instructions added at 5241498
ReadTaskClass(): Task 318 with 2696090704 instructions added at 5242466
ReadTaskClass(): Task 319 with 1367893704 instructions added at 5243908
ReadTaskClass(): Task 320 with 1468926704 instructions added at 5246063
ReadTaskClass(): Task 321 with 2632155704 instructions added at 5246644
ReadTaskClass(): Task 322 with 1704117704 instructions added at 5247611
ReadTaskClass(): Task 323 with 3610250704 instructions added at 5248532
ReadTaskClass(): Task 324 with 1755579704 instructions added at 5249695
ReadTaskClass(): Task 325 with 940452704 instructions added at 5250286
ReadTaskClass(): Task 326 with 3040799704 instructions added at 5253930
ReadTaskClass(): Task 327 with 265292704 instructions added at 5255606
ReadTaskClass(): Task 328 with 3107385704 instructions added at 5257059
ReadTaskClass(): Task 329 with 1962001704 instructions added at 5257340
ReadTaskClass(): Task 330 with 1348397704 instructions added at 5261145
ReadTaskClass(): Task 331 with 1049600704 instructions added at 5261529
ReadTaskClass(): Task 332 with 3356036704 instructions added at 5262395
ReadTaskClass(): Task 333 with 220459704 instructions added at 5262966
ReadTaskClass(): Task 334 with 4152096000 instructions added at 5262974
ReadTaskClass(): Task 335 with 4161010000 instructions added at 5265271
ReadTaskClass(): Task 336 with 4284700000 instructions added at 5266188
ReadTaskClass(): Task 337 with 744805704 instructions added at 5266215
ReadTaskClass(): Task 338 with 1796529704 instructions added at 5268446
ReadTaskClass(): Task 339 with 554673704 instructions added at 5268761
ReadTaskClass(): Task 340 with 825498704 instructions added at 5269224
ReadTaskClass(): Task 341 with 569852704 instructions added at 5270317
ReadTaskClass(): Task 342 with 505773704 instructions added at 5271310
ReadTaskClass(): Task 343 with 1364983704 instructions added at 5271729
ReadTaskClass(): Task 344 with 799364704 instructions added at 5272277
ReadTaskClass(): Task 345 with 2179145704 instructions added at 5275121
ReadTaskClass(): Task 346 with 704125704 instructions added at 5275611
ReadTaskClass(): Task 347 with 1101076704 instructions added at 5278202
ReadTaskClass(): Task 348 with 746792704 instructions added at 5279532
ReadTaskClass(): Task 349 with 2371631704 instructions added at 5280392
ReadTaskClass(): Task 350 with 4069143000 instructions added at 5281833
ReadTaskClass(): Task 351 with 1731648704 instructions added at 5282263
ReadTaskClass(): Task 352 with 210423704 instructions added at 5284029
ReadTaskClass(): Task 353 with 2652625704 instructions added at 5284061
ReadTaskClass(): Task 354 with 1980316704 instructions added at 5284434
ReadTaskClass(): Task 355 with 2282845704 instructions added at 5284647
ReadTaskClass(): Task 356 with 3564928704 instructions added at 5287723
ReadTaskClass(): Task 357 with 2025831704 instructions added at 5288722
ReadTaskClass(): Task 358 with 2077348704 instructions added at 5290198
ReadTaskClass(): Task 359 with 3159609704 instructions added at 5290673
ReadTaskClass(): Task 360 with 2713534704 instructions added at 5292252
ReadTaskClass(): Task 361 with 2116090704 instructions added at 5292562
ReadTaskClass(): Task 362 with 4110648000 instructions added at 5293750
ReadTaskClass(): Task 363 with 4120070000 instructions added at 5294455
ReadTaskClass(): Task 364 with 266114704 instructions added at 5294938
ReadTaskClass(): Task 365 with 2314091704 instructions added at 5295972
ReadTaskClass(): Task 366 with 2389779704 instructions added at 5299108
ReadTaskClass(): Task 367 with 3586320704 instructions added at 5300599
ReadTaskClass(): Task 368 with 3744937704 instructions added at 5301578
ReadTaskClass(): Task 369 with 2909826704 instructions added at 5302665
ReadTaskClass(): Task 370 with 3691999704 instructions added at 5303527
ReadTaskClass(): Task 371 with 3733547704 instructions added at 5307481
ReadTaskClass(): Task 372 with 2386584704 instructions added at 5308913
ReadTaskClass(): Task 373 with 243252704 instructions added at 5311527
ReadTaskClass(): Task 374 with 773965704 instructions added at 5312089
ReadTaskClass(): Task 375 with 2038971704 instructions added at 5315005
ReadTaskClass(): Task 376 with 35458704 instructions added at 5315106
ReadTaskClass(): Task 377 with 1408633704 instructions added at 5315285
ReadTaskClass(): Task 378 with 1122133704 instructions added at 5316224
ReadTaskClass(): Task 379 with 2064055704 instructions added at 5316746
ReadTaskClass(): Task 380 with 4161041000 instructions added at 5317968
ReadTaskClass(): Task 381 with 3406419704 instructions added at 5318615
ReadTaskClass(): Task 382 with 150647704 instructions added at 5319079
ReadTaskClass(): Task 383 with 3053750704 instructions added at 5319096
ReadTaskClass(): Task 384 with 1025636704 instructions added at 5320491
ReadTaskClass(): Task 385 with 850929704 instructions added at 5321337
ReadTaskClass(): Task 386 with 3164256704 instructions added at 5323022
ReadTaskClass(): Task 387 with 351042704 instructions added at 5323099
ReadTaskClass(): Task 388 with 911422704 instructions added at 5323195
ReadTaskClass(): Task 389 with 49561704 instructions added at 5323231
ReadTaskClass(): Task 390 with 1036732704 instructions added at 5323662
ReadTaskClass(): Task 391 with 4077747000 instructions added at 5326921
ReadTaskClass(): Task 392 with 3318392704 instructions added at 5329396
ReadTaskClass(): Task 393 with 2109134704 instructions added at 5329952
ReadTaskClass(): Task 394 with 4082943000 instructions added at 5331897
ReadTaskClass(): Task 395 with 3635183704 instructions added at 5332578
ReadTaskClass(): Task 396 with 2539224704 instructions added at 5333361
ReadTaskClass(): Task 397 with 883200704 instructions added at 5335406
ReadTaskClass(): Task 398 with 1561593704 instructions added at 5335463
ReadTaskClass(): Task 399 with 1224959704 instructions added at 5335890
ReadTaskClass(): Task 400 with 1380046704 instructions added at 5336390
ReadTaskClass(): Task 401 with 2703959704 instructions added at 5336838
ReadTaskClass(): Task 402 with 2133300704 instructions added at 5337532
ReadTaskClass(): Task 403 with 3512565704 instructions added at 5339966
ReadTaskClass(): Task 404 with 2609680704 instructions added at 5340568
ReadTaskClass(): Task 405 with 1548480704 instructions added at 5340686
ReadTaskClass(): Task 406 with 2629359704 instructions added at 5341138
ReadTaskClass(): Task 407 with 2259864704 instructions added at 5341316
ReadTaskClass(): Task 408 with 653807704 instructions added at 5341526
ReadTaskClass(): Task 409 with 2977211704 instructions added at 5344120
ReadTaskClass(): Task 410 with 3651239704 instructions added at 5345432
ReadTaskClass(): Task 411 with 1169911704 instructions added at 5346179
ReadTaskClass(): Task 412 with 2906141704 instructions added at 5346481
ReadTaskClass(): Task 413 with 1870040704 instructions added at 5346977
ReadTaskClass(): Task 414 with 3215642704 instructions added at 5348969
ReadTaskClass(): Task 415 with 116717704 instructions added at 5349429
ReadTaskClass(): Task 416 with 302706704 instructions added at 5349778
ReadTaskClass(): Task 417 with 2589488704 instructions added at 5351938
ReadTaskClass(): Task 418 with 2294034704 instructions added at 5355605
ReadTaskClass(): Task 419 with 3059145704 instructions added at 5357093
ReadTaskClass(): Task 420 with 4058883000 instructions added at 5357299
ReadTaskClass(): Task 421 with 1308562704 instructions added at 5357507
ReadTaskClass(): Task 422 with 1914257704 instructions added at 5358540
ReadTaskClass(): Task 423 with 3013170704 instructions added at 5360419
ReadTaskClass(): Task 424 with 2198575704 instructions added at 5361133
ReadTaskClass(): Task 425 with 4202411000 instructions added at 5361589
ReadTaskClass(): Task 426 with 1452313704 instructions added at 5361809
ReadTaskClass(): Task 427 with 289840704 instructions added at 5364791
ReadTaskClass(): Task 428 with 2072059704 instructions added at 5367338
ReadTaskClass(): Task 429 with 2667463704 instructions added at 5369355
ReadTaskClass(): Task 430 with 1451977704 instructions added at 5375090
ReadTaskClass(): Task 431 with 3023152704 instructions added at 5376451
ReadTaskClass(): Task 432 with 3631346704 instructions added at 5376555
ReadTaskClass(): Task 433 with 15752704 instructions added at 5376613
ReadTaskClass(): Task 434 with 2310624704 instructions added at 5377046
ReadTaskClass(): Task 435 with 2159822704 instructions added at 5379938
ReadTaskClass(): Task 436 with 2469365704 instructions added at 5380147
ReadTaskClass(): Task 437 with 2786757704 instructions added at 5380565
ReadTaskClass(): Task 438 with 3545328704 instructions added at 5382674
ReadTaskClass(): Task 439 with 2800263704 instructions added at 5385165
ReadTaskClass(): Task 440 with 1406475704 instructions added at 5385362
ReadTaskClass(): Task 441 with 1548359704 instructions added at 5386830
ReadTaskClass(): Task 442 with 225489704 instructions added at 5387184
ReadTaskClass(): Task 443 with 4094057000 instructions added at 5387541
ReadTaskClass(): Task 444 with 2683061704 instructions added at 5391090
ReadTaskClass(): Task 445 with 2900758704 instructions added at 5391542
ReadTaskClass(): Task 446 with 614139704 instructions added at 5392538
ReadTaskClass(): Task 447 with 1313952704 instructions added at 5392843
ReadTaskClass(): Task 448 with 1686247704 instructions added at 5392897
ReadTaskClass(): Task 449 with 3751307704 instructions added at 5396654
ReadTaskClass(): Task 450 with 3530430704 instructions added at 5396681
ReadTaskClass(): Task 451 with 1147523704 instructions added at 5398703
ReadTaskClass(): Task 452 with 3998427000 instructions added at 5398963
ReadTaskClass(): Task 453 with 975301704 instructions added at 5399246
ReadTaskClass(): Task 454 with 156005704 instructions added at 5399716
ReadTaskClass(): Task 455 with 2558340704 instructions added at 5401120
ReadTaskClass(): Task 456 with 2002410704 instructions added at 5401526
ReadTaskClass(): Task 457 with 1068073704 instructions added at 5401947
ReadTaskClass(): Task 458 with 2793626704 instructions added at 5402069
ReadTaskClass(): Task 459 with 1706628704 instructions added at 5402096
ReadTaskClass(): Task 460 with 1133497704 instructions added at 5402190
ReadTaskClass(): Task 461 with 3263804704 instructions added at 5405890
ReadTaskClass(): Task 462 with 1306932704 instructions added at 5406632
ReadTaskClass(): Task 463 with 735422704 instructions added at 5410561
ReadTaskClass(): Task 464 with 1836461704 instructions added at 5411411
ReadTaskClass(): Task 465 with 373329704 instructions added at 5413070
ReadTaskClass(): Task 466 with 3243885704 instructions added at 5414610
ReadTaskClass(): Task 467 with 1936111704 instructions added at 5414823
ReadTaskClass(): Task 468 with 1198475704 instructions added at 5414963
ReadTaskClass(): Task 469 with 1610485704 instructions added at 5415728
ReadTaskClass(): Task 470 with 2439095704 instructions added at 5416674
ReadTaskClass(): Task 471 with 3267462704 instructions added at 5417639
ReadTaskClass(): Task 472 with 1982190704 instructions added at 5417645
ReadTaskClass(): Task 473 with 3262490704 instructions added at 5417858
ReadTaskClass(): Task 474 with 1745650704 instructions added at 5424898
ReadTaskClass(): Task 475 with 353731704 instructions added at 5426929
ReadTaskClass(): Task 476 with 2285217704 instructions added at 5427451
ReadTaskClass(): Task 477 with 3118254704 instructions added at 5428111
ReadTaskClass(): Task 478 with 2508921704 instructions added at 5428633
ReadTaskClass(): Task 479 with 1006975704 instructions added at 5429806
ReadTaskClass(): Task 480 with 2098270704 instructions added at 5432655
ReadTaskClass(): Task 481 with 395872704 instructions added at 5434084
ReadTaskClass(): Task 482 with 2076736704 instructions added at 5434672
ReadTaskClass(): Task 483 with 3535170704 instructions added at 5435315
ReadTaskClass(): Task 484 with 3598887704 instructions added at 5435439
ReadTaskClass(): Task 485 with 2063289704 instructions added at 5437010
ReadTaskClass(): Task 486 with 3750366704 instructions added at 5437340
ReadTaskClass(): Task 487 with 3684248704 instructions added at 5437918
ReadTaskClass(): Task 488 with 3023483704 instructions added at 5438162
ReadTaskClass(): Task 489 with 3125745704 instructions added at 5438236
ReadTaskClass(): Task 490 with 542299704 instructions added at 5439288
ReadTaskClass(): Task 491 with 3203471704 instructions added at 5439823
ReadTaskClass(): Task 492 with 4265818000 instructions added at 5439993
ReadTaskClass(): Task 493 with 4218600000 instructions added at 5440044
ReadTaskClass(): Task 494 with 2185833704 instructions added at 5440359
ReadTaskClass(): Task 495 with 51485704 instructions added at 5440513
ReadTaskClass(): Task 496 with 2145968704 instructions added at 5440589
ReadTaskClass(): Task 497 with 4089763000 instructions added at 5441418
ReadTaskClass(): Task 498 with 1197819704 instructions added at 5442455
ReadTaskClass(): Task 499 with 2038278704 instructions added at 5443471
ReadTaskClass(): Task 500 with 51602704 instructions added at 5443978
ReadTaskClass(): Task 501 with 2087575704 instructions added at 5443988
ReadTaskClass(): Task 502 with 1729216704 instructions added at 5444049
ReadTaskClass(): Task 503 with 1816086704 instructions added at 5444488
ReadTaskClass(): Task 504 with 337572704 instructions added at 5445438
ReadTaskClass(): Task 505 with 94461704 instructions added at 5445731
ReadTaskClass(): Task 506 with 2073658704 instructions added at 5446142
ReadTaskClass(): Task 507 with 1491529704 instructions added at 5446256
ReadTaskClass(): Task 508 with 1626773704 instructions added at 5446425
ReadTaskClass(): Task 509 with 3592181704 instructions added at 5447045
ReadTaskClass(): Task 510 with 962676704 instructions added at 5447913
ReadTaskClass(): Task 511 with 1536984704 instructions added at 5451242
ReadTaskClass(): Task 512 with 3052441704 instructions added at 5452657
ReadTaskClass(): Task 513 with 1892366704 instructions added at 5453728
ReadTaskClass(): Task 514 with 1800591704 instructions added at 5453956
ReadTaskClass(): Task 515 with 711286704 instructions added at 5454003
ReadTaskClass(): Task 516 with 3086250704 instructions added at 5455642
ReadTaskClass(): Task 517 with 1334843704 instructions added at 5456496
ReadTaskClass(): Task 518 with 1698098704 instructions added at 5457049
ReadTaskClass(): Task 519 with 2704662704 instructions added at 5457931
ReadTaskClass(): Task 520 with 2796120704 instructions added at 5458433
ReadTaskClass(): Task 521 with 4043025000 instructions added at 5458499
ReadTaskClass(): Task 522 with 3979256000 instructions added at 5459682
ReadTaskClass(): Task 523 with 3150296704 instructions added at 5460372
ReadTaskClass(): Task 524 with 3961643000 instructions added at 5461754
ReadTaskClass(): Task 525 with 2981066704 instructions added at 5463204
ReadTaskClass(): Task 526 with 2360995704 instructions added at 5463311
ReadTaskClass(): Task 527 with 685362704 instructions added at 5463434
ReadTaskClass(): Task 528 with 2298278704 instructions added at 5465296
ReadTaskClass(): Task 529 with 3319677704 instructions added at 5466208
ReadTaskClass(): Task 530 with 934136704 instructions added at 5467603
ReadTaskClass(): Task 531 with 276859704 instructions added at 5467675
ReadTaskClass(): Task 532 with 602648704 instructions added at 5470533
ReadTaskClass(): Task 533 with 878754704 instructions added at 5472102
ReadTaskClass(): Task 534 with 1745738704 instructions added at 5473479
ReadTaskClass(): Task 535 with 3348797704 instructions added at 5475266
ReadTaskClass(): Task 536 with 683605704 instructions added at 5475978
ReadTaskClass(): Task 537 with 3259278704 instructions added at 5476571
ReadTaskClass(): Task 538 with 1755833704 instructions added at 5478299
ReadTaskClass(): Task 539 with 3619312704 instructions added at 5480938
ReadTaskClass(): Task 540 with 1920317704 instructions added at 5482070
ReadTaskClass(): Task 541 with 2205246704 instructions added at 5484444
ReadTaskClass(): Task 542 with 716709704 instructions added at 5486598
ReadTaskClass(): Task 543 with 1336303704 instructions added at 5486767
ReadTaskClass(): Task 544 with 107127704 instructions added at 5493051
ReadTaskClass(): Task 545 with 2773396704 instructions added at 5493365
ReadTaskClass(): Task 546 with 3551397704 instructions added at 5493483
ReadTaskClass(): Task 547 with 2511478704 instructions added at 5497409
ReadTaskClass(): Task 548 with 3125272704 instructions added at 5497849
ReadTaskClass(): Task 549 with 2274297704 instructions added at 5498225
ReadTaskClass(): Task 550 with 2448839704 instructions added at 5498363
ReadTaskClass(): Task 551 with 154188704 instructions added at 5498540
ReadTaskClass(): Task 552 with 3968430000 instructions added at 5498737
ReadTaskClass(): Task 553 with 1041392704 instructions added at 5501520
ReadTaskClass(): Task 554 with 3155579704 instructions added at 5502019
ReadTaskClass(): Task 555 with 2978782704 instructions added at 5502343
ReadTaskClass(): Task 556 with 738061704 instructions added at 5504164
ReadTaskClass(): Task 557 with 1673250704 instructions added at 5505033
ReadTaskClass(): Task 558 with 527090704 instructions added at 5505357
ReadTaskClass(): Task 559 with 3591461704 instructions added at 5505625
ReadTaskClass(): Task 560 with 2079736704 instructions added at 5505949
ReadTaskClass(): Task 561 with 1973584704 instructions added at 5507934
ReadTaskClass(): Task 562 with 102070704 instructions added at 5509061
ReadTaskClass(): Task 563 with 2414553704 instructions added at 5509534
ReadTaskClass(): Task 564 with 535194704 instructions added at 5510234
ReadTaskClass(): Task 565 with 203551704 instructions added at 5510540
ReadTaskClass(): Task 566 with 91780704 instructions added at 5511157
ReadTaskClass(): Task 567 with 1730615704 instructions added at 5511797
ReadTaskClass(): Task 568 with 2847257704 instructions added at 5512758
ReadTaskClass(): Task 569 with 1748918704 instructions added at 5514352
ReadTaskClass(): Task 570 with 3729910704 instructions added at 5514457
ReadTaskClass(): Task 571 with 2271748704 instructions added at 5514514
ReadTaskClass(): Task 572 with 2985730704 instructions added at 5515181
ReadTaskClass(): Task 573 with 3394799704 instructions added at 5516309
ReadTaskClass(): Task 574 with 4091712000 instructions added at 5516450
ReadTaskClass(): Task 575 with 3323550704 instructions added at 5516486
ReadTaskClass(): Task 576 with 1507329704 instructions added at 5516759
ReadTaskClass(): Task 577 with 553367704 instructions added at 5517102
ReadTaskClass(): Task 578 with 3085856704 instructions added at 5517898
ReadTaskClass(): Task 579 with 4175794000 instructions added at 5518643
ReadTaskClass(): Task 580 with 2932540704 instructions added at 5520818
ReadTaskClass(): Task 581 with 151598704 instructions added at 5521680
ReadTaskClass(): Task 582 with 1825842704 instructions added at 5522013
ReadTaskClass(): Task 583 with 3719938704 instructions added at 5523086
ReadTaskClass(): Task 584 with 1646250704 instructions added at 5523510
ReadTaskClass(): Task 585 with 1084409704 instructions added at 5524032
ReadTaskClass(): Task 586 with 1603137704 instructions added at 5525565
ReadTaskClass(): Task 587 with 1291492704 instructions added at 5526525
ReadTaskClass(): Task 588 with 3392801704 instructions added at 5527648
ReadTaskClass(): Task 589 with 2538659704 instructions added at 5528166
ReadTaskClass(): Task 590 with 977068704 instructions added at 5528421
ReadTaskClass(): Task 591 with 516990704 instructions added at 5528691
ReadTaskClass(): Task 592 with 2456792704 instructions added at 5530455
ReadTaskClass(): Task 593 with 2406902704 instructions added at 5530684
ReadTaskClass(): Task 594 with 2271099704 instructions added at 5530905
ReadTaskClass(): Task 595 with 2280256704 instructions added at 5531263
ReadTaskClass(): Task 596 with 1180117704 instructions added at 5531849
ReadTaskClass(): Task 597 with 3194325704 instructions added at 5533604
ReadTaskClass(): Task 598 with 834717704 instructions added at 5535084
ReadTaskClass(): Task 599 with 1913509704 instructions added at 5535618
ReadTaskClass(): Task 600 with 1861880704 instructions added at 5535672
ReadTaskClass(): Task 601 with 3522497704 instructions added at 5536088
ReadTaskClass(): Task 602 with 4288386000 instructions added at 5538061
ReadTaskClass(): Task 603 with 727338704 instructions added at 5538174
ReadTaskClass(): Task 604 with 616379704 instructions added at 5538312
ReadTaskClass(): Task 605 with 3559738704 instructions added at 5539028
ReadTaskClass(): Task 606 with 4208524000 instructions added at 5540723
ReadTaskClass(): Task 607 with 1317380704 instructions added at 5541422
ReadTaskClass(): Task 608 with 1013116704 instructions added at 5542732
ReadTaskClass(): Task 609 with 3976031000 instructions added at 5543022
ReadTaskClass(): Task 610 with 2271440704 instructions added at 5544256
ReadTaskClass(): Task 611 with 147526704 instructions added at 5544377
ReadTaskClass(): Task 612 with 1551410704 instructions added at 5545911
ReadTaskClass(): Task 613 with 828800704 instructions added at 5546319
ReadTaskClass(): Task 614 with 3924065000 instructions added at 5547662
ReadTaskClass(): Task 615 with 1287328704 instructions added at 5549663
ReadTaskClass(): Task 616 with 3586450704 instructions added at 5550218
ReadTaskClass(): Task 617 with 2679784704 instructions added at 5550543
ReadTaskClass(): Task 618 with 1730468704 instructions added at 5553170
ReadTaskClass(): Task 619 with 2870637704 instructions added at 5553768
ReadTaskClass(): Task 620 with 769457704 instructions added at 5556882
ReadTaskClass(): Task 621 with 44540704 instructions added at 5556954
ReadTaskClass(): Task 622 with 4086244000 instructions added at 5558563
ReadTaskClass(): Task 623 with 198865704 instructions added at 5559312
ReadTaskClass(): Task 624 with 1645297704 instructions added at 5559538
ReadTaskClass(): Task 625 with 335149704 instructions added at 5560919
ReadTaskClass(): Task 626 with 65086704 instructions added at 5561811
ReadTaskClass(): Task 627 with 2325187704 instructions added at 5562513
ReadTaskClass(): Task 628 with 2830828704 instructions added at 5562540
ReadTaskClass(): Task 629 with 1138552704 instructions added at 5562720
ReadTaskClass(): Task 630 with 4237343000 instructions added at 5563681
ReadTaskClass(): Task 631 with 975166704 instructions added at 5564591
ReadTaskClass(): Task 632 with 1703314704 instructions added at 5565228
ReadTaskClass(): Task 633 with 2613457704 instructions added at 5565553
ReadTaskClass(): Task 634 with 730439704 instructions added at 5565816
ReadTaskClass(): Task 635 with 481874704 instructions added at 5565824
ReadTaskClass(): Task 636 with 1943180704 instructions added at 5566414
ReadTaskClass(): Task 637 with 2307877704 instructions added at 5568768
ReadTaskClass(): Task 638 with 2673901704 instructions added at 5569083
ReadTaskClass(): Task 639 with 2015701704 instructions added at 5569997
ReadTaskClass(): Task 640 with 2567127704 instructions added at 5570149
ReadTaskClass(): Task 641 with 2251995704 instructions added at 5571071
ReadTaskClass(): Task 642 with 1079859704 instructions added at 5573791
ReadTaskClass(): Task 643 with 273668704 instructions added at 5573854
ReadTaskClass(): Task 644 with 3383500704 instructions added at 5574863
ReadTaskClass(): Task 645 with 138248704 instructions added at 5575618
ReadTaskClass(): Task 646 with 1076757704 instructions added at 5576559
ReadTaskClass(): Task 647 with 854570704 instructions added at 5577320
ReadTaskClass(): Task 648 with 2177873704 instructions added at 5577458
ReadTaskClass(): Task 649 with 3696333704 instructions added at 5577504
ReadTaskClass(): Task 650 with 2495263704 instructions added at 5577647
ReadTaskClass(): Task 651 with 1382151704 instructions added at 5578620
ReadTaskClass(): Task 652 with 2628998704 instructions added at 5579396
ReadTaskClass(): Task 653 with 1237381704 instructions added at 5580941
ReadTaskClass(): Task 654 with 2338118704 instructions added at 5582024
ReadTaskClass(): Task 655 with 2117696704 instructions added at 5582058
ReadTaskClass(): Task 656 with 3738380704 instructions added at 5582096
ReadTaskClass(): Task 657 with 385269704 instructions added at 5582408
ReadTaskClass(): Task 658 with 1569362704 instructions added at 5582808
ReadTaskClass(): Task 659 with 529366704 instructions added at 5584072
ReadTaskClass(): Task 660 with 4081680000 instructions added at 5584696
ReadTaskClass(): Task 661 with 729794704 instructions added at 5584969
ReadTaskClass(): Task 662 with 1043667704 instructions added at 5585943
ReadTaskClass(): Task 663 with 1416248704 instructions added at 5586555
ReadTaskClass(): Task 664 with 3585952704 instructions added at 5587674
ReadTaskClass(): Task 665 with 1066367704 instructions added at 5588513
ReadTaskClass(): Task 666 with 1188552704 instructions added at 5589616
ReadTaskClass(): Task 667 with 3767525704 instructions added at 5590570
ReadTaskClass(): Task 668 with 4131332000 instructions added at 5593165
ReadTaskClass(): Task 669 with 3511988704 instructions added at 5593497
ReadTaskClass(): Task 670 with 1011078704 instructions added at 5593651
ReadTaskClass(): Task 671 with 527055704 instructions added at 5594422
ReadTaskClass(): Task 672 with 2994798704 instructions added at 5596476
ReadTaskClass(): Task 673 with 4287598000 instructions added at 5597344
ReadTaskClass(): Task 674 with 2854844704 instructions added at 5597616
ReadTaskClass(): Task 675 with 3489757704 instructions added at 5598180
ReadTaskClass(): Task 676 with 1387953704 instructions added at 5598825
ReadTaskClass(): Task 677 with 4170867000 instructions added at 5601555
ReadTaskClass(): Task 678 with 422282704 instructions added at 5602226
ReadTaskClass(): Task 679 with 2380615704 instructions added at 5603137
ReadTaskClass(): Task 680 with 2764691704 instructions added at 5603813
ReadTaskClass(): Task 681 with 2590397704 instructions added at 5605267
ReadTaskClass(): Task 682 with 1282943704 instructions added at 5607347
ReadTaskClass(): Task 683 with 2568864704 instructions added at 5607626
ReadTaskClass(): Task 684 with 325764704 instructions added at 5607653
ReadTaskClass(): Task 685 with 2022666704 instructions added at 5607864
ReadTaskClass(): Task 686 with 3689664704 instructions added at 5608447
ReadTaskClass(): Task 687 with 628416704 instructions added at 5608778
ReadTaskClass(): Task 688 with 2861221704 instructions added at 5610400
ReadTaskClass(): Task 689 with 4061416000 instructions added at 5611643
ReadTaskClass(): Task 690 with 2880768704 instructions added at 5613473
ReadTaskClass(): Task 691 with 1920025704 instructions added at 5616126
ReadTaskClass(): Task 692 with 3074177704 instructions added at 5616436
ReadTaskClass(): Task 693 with 2026319704 instructions added at 5616595
ReadTaskClass(): Task 694 with 2756543704 instructions added at 5617055
ReadTaskClass(): Task 695 with 1876285704 instructions added at 5617272
ReadTaskClass(): Task 696 with 1709366704 instructions added at 5617867
ReadTaskClass(): Task 697 with 1729482704 instructions added at 5620007
ReadTaskClass(): Task 698 with 1338675704 instructions added at 5622159
ReadTaskClass(): Task 699 with 1516233704 instructions added at 5622202
ReadTaskClass(): Task 700 with 4206257000 instructions added at 5623508
ReadTaskClass(): Task 701 with 541166704 instructions added at 5625281
ReadTaskClass(): Task 702 with 1582261704 instructions added at 5625825
ReadTaskClass(): Task 703 with 1587288704 instructions added at 5627777
ReadTaskClass(): Task 704 with 4290946000 instructions added at 5627864
ReadTaskClass(): Task 705 with 3520901704 instructions added at 5628047
ReadTaskClass(): Task 706 with 1353395704 instructions added at 5628233
ReadTaskClass(): Task 707 with 2786544704 instructions added at 5628775
ReadTaskClass(): Task 708 with 92970704 instructions added at 5629467
ReadTaskClass(): Task 709 with 3494171704 instructions added at 5629900
ReadTaskClass(): Task 710 with 170447704 instructions added at 5632484
ReadTaskClass(): Task 711 with 2966880704 instructions added at 5632695
ReadTaskClass(): Task 712 with 492985704 instructions added at 5633130
ReadTaskClass(): Task 713 with 2796598704 instructions added at 5633903
ReadTaskClass(): Task 714 with 3507710704 instructions added at 5634234
ReadTaskClass(): Task 715 with 2017968704 instructions added at 5634961
ReadTaskClass(): Task 716 with 4020346000 instructions added at 5635095
ReadTaskClass(): Task 717 with 329936704 instructions added at 5635420
ReadTaskClass(): Task 718 with 447176704 instructions added at 5636017
ReadTaskClass(): Task 719 with 2682160704 instructions added at 5637341
ReadTaskClass(): Task 720 with 2563353704 instructions added at 5637703
ReadTaskClass(): Task 721 with 1315609704 instructions added at 5638490
ReadTaskClass(): Task 722 with 2463863704 instructions added at 5639520
ReadTaskClass(): Task 723 with 3008194704 instructions added at 5639760
ReadTaskClass(): Task 724 with 4150784000 instructions added at 5639844
ReadTaskClass(): Task 725 with 699380704 instructions added at 5639987
ReadTaskClass(): Task 726 with 2055303704 instructions added at 5640337
ReadTaskClass(): Task 727 with 3287301704 instructions added at 5641260
ReadTaskClass(): Task 728 with 1215947704 instructions added at 5641785
ReadTaskClass(): Task 729 with 900588704 instructions added at 5642016
ReadTaskClass(): Task 730 with 3061696704 instructions added at 5642289
ReadTaskClass(): Task 731 with 1350673704 instructions added at 5642927
ReadTaskClass(): Task 732 with 2359789704 instructions added at 5643310
ReadTaskClass(): Task 733 with 233271704 instructions added at 5644013
ReadTaskClass(): Task 734 with 3561320704 instructions added at 5644073
ReadTaskClass(): Task 735 with 591497704 instructions added at 5646465
ReadTaskClass(): Task 736 with 197329704 instructions added at 5646795
ReadTaskClass(): Task 737 with 464696704 instructions added at 5646985
ReadTaskClass(): Task 738 with 2664294704 instructions added at 5647729
ReadTaskClass(): Task 739 with 1861060704 instructions added at 5648204
ReadTaskClass(): Task 740 with 159014704 instructions added at 5649546
ReadTaskClass(): Task 741 with 4121572000 instructions added at 5652578
ReadTaskClass(): Task 742 with 2993069704 instructions added at 5654968
ReadTaskClass(): Task 743 with 856860704 instructions added at 5656309
ReadTaskClass(): Task 744 with 2219263704 instructions added at 5657876
ReadTaskClass(): Task 745 with 3522342704 instructions added at 5659145
ReadTaskClass(): Task 746 with 3306065704 instructions added at 5659636
ReadTaskClass(): Task 747 with 2739063704 instructions added at 5661229
ReadTaskClass(): Task 748 with 3576864704 instructions added at 5664190
ReadTaskClass(): Task 749 with 3630506704 instructions added at 5664195
ReadTaskClass(): Task 750 with 3526489704 instructions added at 5664576
ReadTaskClass(): Task 751 with 215795704 instructions added at 5664729
ReadTaskClass(): Task 752 with 1167350704 instructions added at 5665903
ReadTaskClass(): Task 753 with 746511704 instructions added at 5668156
ReadTaskClass(): Task 754 with 1000008704 instructions added at 5668361
ReadTaskClass(): Task 755 with 3728303704 instructions added at 5668452
ReadTaskClass(): Task 756 with 1659859704 instructions added at 5668587
ReadTaskClass(): Task 757 with 1867386704 instructions added at 5668594
ReadTaskClass(): Task 758 with 2924046704 instructions added at 5670882
ReadTaskClass(): Task 759 with 612136704 instructions added at 5674766
ReadTaskClass(): Task 760 with 1904835704 instructions added at 5675675
ReadTaskClass(): Task 761 with 1907724704 instructions added at 5675807
ReadTaskClass(): Task 762 with 3346140704 instructions added at 5676616
ReadTaskClass(): Task 763 with 2676626704 instructions added at 5679458
ReadTaskClass(): Task 764 with 3020628704 instructions added at 5679473
ReadTaskClass(): Task 765 with 595113704 instructions added at 5680551
ReadTaskClass(): Task 766 with 107707704 instructions added at 5681663
ReadTaskClass(): Task 767 with 4045716000 instructions added at 5682231
ReadTaskClass(): Task 768 with 469631704 instructions added at 5686572
ReadTaskClass(): Task 769 with 4029520000 instructions added at 5687453
ReadTaskClass(): Task 770 with 2802522704 instructions added at 5688737
ReadTaskClass(): Task 771 with 2299942704 instructions added at 5689437
ReadTaskClass(): Task 772 with 1839419704 instructions added at 5690098
ReadTaskClass(): Task 773 with 1657267704 instructions added at 5690248
ReadTaskClass(): Task 774 with 561727704 instructions added at 5695416
ReadTaskClass(): Task 775 with 1620198704 instructions added at 5696677
ReadTaskClass(): Task 776 with 443119704 instructions added at 5696877
ReadTaskClass(): Task 777 with 2639880704 instructions added at 5697433
ReadTaskClass(): Task 778 with 1529969704 instructions added at 5699324
ReadTaskClass(): Task 779 with 3941000000 instructions added at 5700117
ReadTaskClass(): Task 780 with 1284770704 instructions added at 5701425
ReadTaskClass(): Task 781 with 2528739704 instructions added at 5702070
ReadTaskClass(): Task 782 with 1696228704 instructions added at 5703743
ReadTaskClass(): Task 783 with 4044665000 instructions added at 5703854
ReadTaskClass(): Task 784 with 270327704 instructions added at 5704695
ReadTaskClass(): Task 785 with 4211601000 instructions added at 5706876
ReadTaskClass(): Task 786 with 3320758704 instructions added at 5707797
ReadTaskClass(): Task 787 with 735390704 instructions added at 5711265
ReadTaskClass(): Task 788 with 1032548704 instructions added at 5713575
ReadTaskClass(): Task 789 with 1441194704 instructions added at 5715944
ReadTaskClass(): Task 790 with 577682704 instructions added at 5717020
ReadTaskClass(): Task 791 with 2045777704 instructions added at 5717655
ReadTaskClass(): Task 792 with 1870110704 instructions added at 5719909
ReadTaskClass(): Task 793 with 2157666704 instructions added at 5721357
ReadTaskClass(): Task 794 with 3151281704 instructions added at 5721563
ReadTaskClass(): Task 795 with 3724352704 instructions added at 5721659
ReadTaskClass(): Task 796 with 491570704 instructions added at 5721812
ReadTaskClass(): Task 797 with 243590704 instructions added at 5722236
ReadTaskClass(): Task 798 with 4224287000 instructions added at 5722597
ReadTaskClass(): Task 799 with 2124174704 instructions added at 5722678
ReadTaskClass(): Task 800 with 1585030704 instructions added at 5724635
ReadTaskClass(): Task 801 with 2802923704 instructions added at 5725378
ReadTaskClass(): Task 802 with 1549735704 instructions added at 5725824
ReadTaskClass(): Task 803 with 1645924704 instructions added at 5725863
ReadTaskClass(): Task 804 with 551571704 instructions added at 5726583
ReadTaskClass(): Task 805 with 651246704 instructions added at 5726607
ReadTaskClass(): Task 806 with 3253984704 instructions added at 5727532
ReadTaskClass(): Task 807 with 2006659704 instructions added at 5727903
ReadTaskClass(): Task 808 with 1429878704 instructions added at 5728435
ReadTaskClass(): Task 809 with 688984704 instructions added at 5731431
ReadTaskClass(): Task 810 with 795498704 instructions added at 5731551
ReadTaskClass(): Task 811 with 2005496704 instructions added at 5735058
ReadTaskClass(): Task 812 with 2565675704 instructions added at 5735584
ReadTaskClass(): Task 813 with 993122704 instructions added at 5739752
ReadTaskClass(): Task 814 with 938723704 instructions added at 5739926
ReadTaskClass(): Task 815 with 3735429704 instructions added at 5740631
ReadTaskClass(): Task 816 with 2548432704 instructions added at 5741081
ReadTaskClass(): Task 817 with 889718704 instructions added at 5741119
ReadTaskClass(): Task 818 with 1090699704 instructions added at 5741460
ReadTaskClass(): Task 819 with 1435021704 instructions added at 5741466
ReadTaskClass(): Task 820 with 2781444704 instructions added at 5742956
ReadTaskClass(): Task 821 with 3566612704 instructions added at 5744112
ReadTaskClass(): Task 822 with 1604215704 instructions added at 5745152
ReadTaskClass(): Task 823 with 2548268704 instructions added at 5745872
ReadTaskClass(): Task 824 with 1093361704 instructions added at 5746929
ReadTaskClass(): Task 825 with 4066344000 instructions added at 5747810
ReadTaskClass(): Task 826 with 1902168704 instructions added at 5750676
ReadTaskClass(): Task 827 with 335166704 instructions added at 5753964
ReadTaskClass(): Task 828 with 114915704 instructions added at 5754687
ReadTaskClass(): Task 829 with 1365017704 instructions added at 5755236
ReadTaskClass(): Task 830 with 2614733704 instructions added at 5756071
ReadTaskClass(): Task 831 with 4037627000 instructions added at 5757572
ReadTaskClass(): Task 832 with 3708288704 instructions added at 5757621
ReadTaskClass(): Task 833 with 1115993704 instructions added at 5758980
ReadTaskClass(): Task 834 with 441090704 instructions added at 5761955
ReadTaskClass(): Task 835 with 640460704 instructions added at 5762870
ReadTaskClass(): Task 836 with 2432348704 instructions added at 5762891
ReadTaskClass(): Task 837 with 1400284704 instructions added at 5766016
ReadTaskClass(): Task 838 with 3743746704 instructions added at 5767241
ReadTaskClass(): Task 839 with 159299704 instructions added at 5769938
ReadTaskClass(): Task 840 with 3211985704 instructions added at 5770336
ReadTaskClass(): Task 841 with 3590239704 instructions added at 5770670
ReadTaskClass(): Task 842 with 1372818704 instructions added at 5770864
ReadTaskClass(): Task 843 with 3224031704 instructions added at 5771196
ReadTaskClass(): Task 844 with 4288112000 instructions added at 5772472
ReadTaskClass(): Task 845 with 1391944704 instructions added at 5772879
ReadTaskClass(): Task 846 with 943409704 instructions added at 5774496
ReadTaskClass(): Task 847 with 3962784000 instructions added at 5775627
ReadTaskClass(): Task 848 with 1562674704 instructions added at 5775702
ReadTaskClass(): Task 849 with 3592096704 instructions added at 5776982
ReadTaskClass(): Task 850 with 2301826704 instructions added at 5778749
ReadTaskClass(): Task 851 with 3132027704 instructions added at 5779895
ReadTaskClass(): Task 852 with 2319455704 instructions added at 5780530
ReadTaskClass(): Task 853 with 2785033704 instructions added at 5780587
ReadTaskClass(): Task 854 with 1231251704 instructions added at 5781589
ReadTaskClass(): Task 855 with 4241593000 instructions added at 5785139
ReadTaskClass(): Task 856 with 2870901704 instructions added at 5785701
ReadTaskClass(): Task 857 with 479748704 instructions added at 5786046
ReadTaskClass(): Task 858 with 2724909704 instructions added at 5786076
ReadTaskClass(): Task 859 with 3629522704 instructions added at 5786173
ReadTaskClass(): Task 860 with 276175704 instructions added at 5788182
ReadTaskClass(): Task 861 with 419728704 instructions added at 5789063
ReadTaskClass(): Task 862 with 2107824704 instructions added at 5791202
ReadTaskClass(): Task 863 with 4072179000 instructions added at 5792021
ReadTaskClass(): Task 864 with 3131644704 instructions added at 5792206
ReadTaskClass(): Task 865 with 1298868704 instructions added at 5794322
ReadTaskClass(): Task 866 with 2643102704 instructions added at 5795342
ReadTaskClass(): Task 867 with 3492675704 instructions added at 5795359
ReadTaskClass(): Task 868 with 2219639704 instructions added at 5796405
ReadTaskClass(): Task 869 with 3996125000 instructions added at 5797444
ReadTaskClass(): Task 870 with 2952940704 instructions added at 5798163
ReadTaskClass(): Task 871 with 2370512704 instructions added at 5798294
ReadTaskClass(): Task 872 with 44254704 instructions added at 5798473
ReadTaskClass(): Task 873 with 3967379000 instructions added at 5798932
ReadTaskClass(): Task 874 with 1649208704 instructions added at 5799596
ReadTaskClass(): Task 875 with 2888789704 instructions added at 5800684
ReadTaskClass(): Task 876 with 1240135704 instructions added at 5801058
ReadTaskClass(): Task 877 with 1527650704 instructions added at 5802014
ReadTaskClass(): Task 878 with 1978446704 instructions added at 5802525
ReadTaskClass(): Task 879 with 2326235704 instructions added at 5802649
ReadTaskClass(): Task 880 with 4187871000 instructions added at 5804945
ReadTaskClass(): Task 881 with 3485339704 instructions added at 5806806
ReadTaskClass(): Task 882 with 2240778704 instructions added at 5807237
ReadTaskClass(): Task 883 with 881468704 instructions added at 5809289
ReadTaskClass(): Task 884 with 2196635704 instructions added at 5810972
ReadTaskClass(): Task 885 with 2375446704 instructions added at 5813990
ReadTaskClass(): Task 886 with 1884044704 instructions added at 5815897
ReadTaskClass(): Task 887 with 2463473704 instructions added at 5816603
ReadTaskClass(): Task 888 with 1681374704 instructions added at 5816985
ReadTaskClass(): Task 889 with 4131960000 instructions added at 5817374
ReadTaskClass(): Task 890 with 3463106704 instructions added at 5818026
ReadTaskClass(): Task 891 with 3110186704 instructions added at 5820067
ReadTaskClass(): Task 892 with 200660704 instructions added at 5820988
ReadTaskClass(): Task 893 with 565931704 instructions added at 5821719
ReadTaskClass(): Task 894 with 1583328704 instructions added at 5823838
ReadTaskClass(): Task 895 with 3753041704 instructions added at 5825316
ReadTaskClass(): Task 896 with 339226704 instructions added at 5826709
ReadTaskClass(): Task 897 with 2471699704 instructions added at 5827105
ReadTaskClass(): Task 898 with 1298498704 instructions added at 5829190
ReadTaskClass(): Task 899 with 3744348704 instructions added at 5829322
ReadTaskClass(): Task 900 with 2417117704 instructions added at 5831571
ReadTaskClass(): Task 901 with 894435704 instructions added at 5832220
ReadTaskClass(): Task 902 with 3746598704 instructions added at 5832506
ReadTaskClass(): Task 903 with 369897704 instructions added at 5834585
ReadTaskClass(): Task 904 with 1407645704 instructions added at 5835635
ReadTaskClass(): Task 905 with 1458542704 instructions added at 5837060
ReadTaskClass(): Task 906 with 1703075704 instructions added at 5839933
ReadTaskClass(): Task 907 with 61477704 instructions added at 5842002
ReadTaskClass(): Task 908 with 2362890704 instructions added at 5843536
ReadTaskClass(): Task 909 with 147669704 instructions added at 5845911
ReadTaskClass(): Task 910 with 1885452704 instructions added at 5849337
ReadTaskClass(): Task 911 with 923278704 instructions added at 5850078
ReadTaskClass(): Task 912 with 4211050000 instructions added at 5850210
ReadTaskClass(): Task 913 with 2497399704 instructions added at 5850314
ReadTaskClass(): Task 914 with 1781054704 instructions added at 5850342
ReadTaskClass(): Task 915 with 3518352704 instructions added at 5850474
ReadTaskClass(): Task 916 with 1760031704 instructions added at 5850791
ReadTaskClass(): Task 917 with 184244704 instructions added at 5851373
ReadTaskClass(): Task 918 with 1359882704 instructions added at 5851601
ReadTaskClass(): Task 919 with 2052677704 instructions added at 5852421
ReadTaskClass(): Task 920 with 2083382704 instructions added at 5852536
ReadTaskClass(): Task 921 with 532909704 instructions added at 5852709
ReadTaskClass(): Task 922 with 957878704 instructions added at 5852731
ReadTaskClass(): Task 923 with 2426388704 instructions added at 5853030
ReadTaskClass(): Task 924 with 3681902704 instructions added at 5855500
ReadTaskClass(): Task 925 with 2281126704 instructions added at 5856385
ReadTaskClass(): Task 926 with 3518490704 instructions added at 5857069
ReadTaskClass(): Task 927 with 2874391704 instructions added at 5858789
ReadTaskClass(): Task 928 with 1782486704 instructions added at 5858924
ReadTaskClass(): Task 929 with 2617742704 instructions added at 5859536
ReadTaskClass(): Task 930 with 2659323704 instructions added at 5860558
ReadTaskClass(): Task 931 with 2032386704 instructions added at 5862098
ReadTaskClass(): Task 932 with 51308704 instructions added at 5863872
ReadTaskClass(): Task 933 with 3267543704 instructions added at 5864875
ReadTaskClass(): Task 934 with 1776941704 instructions added at 5865360
ReadTaskClass(): Task 935 with 2520187704 instructions added at 5867325
ReadTaskClass(): Task 936 with 941229704 instructions added at 5868304
ReadTaskClass(): Task 937 with 2629319704 instructions added at 5871606
ReadTaskClass(): Task 938 with 630757704 instructions added at 5871974
ReadTaskClass(): Task 939 with 1497490704 instructions added at 5874492
ReadTaskClass(): Task 940 with 1801168704 instructions added at 5875133
ReadTaskClass(): Task 941 with 1740889704 instructions added at 5875405
ReadTaskClass(): Task 942 with 400780704 instructions added at 5875632
ReadTaskClass(): Task 943 with 4151820000 instructions added at 5876232
ReadTaskClass(): Task 944 with 3935538000 instructions added at 5877391
ReadTaskClass(): Task 945 with 1597557704 instructions added at 5879212
ReadTaskClass(): Task 946 with 3951440000 instructions added at 5881215
ReadTaskClass(): Task 947 with 2332824704 instructions added at 5882362
ReadTaskClass(): Task 948 with 2427515704 instructions added at 5882838
ReadTaskClass(): Task 949 with 408420704 instructions added at 5884376
ReadTaskClass(): Task 950 with 2410931704 instructions added at 5884828
ReadTaskClass(): Task 951 with 3329512704 instructions added at 5884887
ReadTaskClass(): Task 952 with 2155645704 instructions added at 5885415
ReadTaskClass(): Task 953 with 3285760704 instructions added at 5885737
ReadTaskClass(): Task 954 with 1305462704 instructions added at 5886327
ReadTaskClass(): Task 955 with 679487704 instructions added at 5886454
ReadTaskClass(): Task 956 with 341535704 instructions added at 5887967
ReadTaskClass(): Task 957 with 362142704 instructions added at 5888141
ReadTaskClass(): Task 958 with 1920344704 instructions added at 5888868
ReadTaskClass(): Task 959 with 2693794704 instructions added at 5889534
ReadTaskClass(): Task 960 with 3472299704 instructions added at 5890321
ReadTaskClass(): Task 961 with 350793704 instructions added at 5890441
ReadTaskClass(): Task 962 with 343925704 instructions added at 5892425
ReadTaskClass(): Task 963 with 1457778704 instructions added at 5892712
ReadTaskClass(): Task 964 with 1523162704 instructions added at 5893084
ReadTaskClass(): Task 965 with 764732704 instructions added at 5895398
ReadTaskClass(): Task 966 with 135431704 instructions added at 5895830
ReadTaskClass(): Task 967 with 4275181000 instructions added at 5896674
ReadTaskClass(): Task 968 with 4000029000 instructions added at 5897166
ReadTaskClass(): Task 969 with 4154201000 instructions added at 5898800
ReadTaskClass(): Task 970 with 1952196704 instructions added at 5899729
ReadTaskClass(): Task 971 with 1495895704 instructions added at 5900073
ReadTaskClass(): Task 972 with 1312851704 instructions added at 5902564
ReadTaskClass(): Task 973 with 296516704 instructions added at 5903227
ReadTaskClass(): Task 974 with 3021627704 instructions added at 5903478
ReadTaskClass(): Task 975 with 1449384704 instructions added at 5904310
ReadTaskClass(): Task 976 with 588179704 instructions added at 5911733
ReadTaskClass(): Task 977 with 2863743704 instructions added at 5911845
ReadTaskClass(): Task 978 with 636431704 instructions added at 5912088
ReadTaskClass(): Task 979 with 2515827704 instructions added at 5912668
ReadTaskClass(): Task 980 with 2268752704 instructions added at 5912847
ReadTaskClass(): Task 981 with 898260704 instructions added at 5913742
ReadTaskClass(): Task 982 with 654069704 instructions added at 5916347
ReadTaskClass(): Task 983 with 3498125704 instructions added at 5916486
ReadTaskClass(): Task 984 with 1511277704 instructions added at 5917309
ReadTaskClass(): Task 985 with 874878704 instructions added at 5917750
ReadTaskClass(): Task 986 with 2497649704 instructions added at 5919226
ReadTaskClass(): Task 987 with 3968926000 instructions added at 5919242
ReadTaskClass(): Task 988 with 3666787704 instructions added at 5919364
ReadTaskClass(): Task 989 with 1405533704 instructions added at 5923780
ReadTaskClass(): Task 990 with 2242033704 instructions added at 5924904
ReadTaskClass(): Task 991 with 1992396704 instructions added at 5924998
ReadTaskClass(): Task 992 with 2359079704 instructions added at 5925003
ReadTaskClass(): Task 993 with 1739565704 instructions added at 5925021
ReadTaskClass(): Task 994 with 708266704 instructions added at 5925251
ReadTaskClass(): Task 995 with 3059987704 instructions added at 5928168
ReadTaskClass(): Task 996 with 179276704 instructions added at 5928451
ReadTaskClass(): Task 997 with 3021248704 instructions added at 5929528
ReadTaskClass(): Task 998 with 1876155704 instructions added at 5930534
ReadTaskClass(): Task 999 with 544327704 instructions added at 5930764
ReadTaskClass(): Task 1000 with 1938574704 instructions added at 5935854
ReadTaskClass(): Task 1001 with 4157777000 instructions added at 5937350
ReadTaskClass(): Task 1002 with 152092704 instructions added at 5937755
ReadTaskClass(): Task 1003 with 2811281704 instructions added at 5938023
ReadTaskClass(): Task 1004 with 2641495704 instructions added at 5938583
ReadTaskClass(): Task 1005 with 2204859704 instructions added at 5939480
ReadTaskClass(): Task 1006 with 3060476704 instructions added at 5940968
ReadTaskClass(): Task 1007 with 4168333000 instructions added at 5941416
ReadTaskClass(): Task 1008 with 3254259704 instructions added at 5941750
ReadTaskClass(): Task 1009 with 1946468704 instructions added at 5941975
ReadTaskClass(): Task 1010 with 112521704 instructions added at 5942128
ReadTaskClass(): Task 1011 with 4023171000 instructions added at 5943553
ReadTaskClass(): Task 1012 with 2846704704 instructions added at 5946531
ReadTaskClass(): Task 1013 with 1337626704 instructions added at 5950477
ReadTaskClass(): Task 1014 with 4139293000 instructions added at 5951086
ReadTaskClass(): Task 1015 with 4207522000 instructions added at 5951625
ReadTaskClass(): Task 1016 with 1312804704 instructions added at 5951742
ReadTaskClass(): Task 1017 with 623071704 instructions added at 5952138
ReadTaskClass(): Task 1018 with 3229425704 instructions added at 5952295
ReadTaskClass(): Task 1019 with 3716659704 instructions added at 5952734
ReadTaskClass(): Task 1020 with 2428884704 instructions added at 5952761
ReadTaskClass(): Task 1021 with 3446847704 instructions added at 5953398
ReadTaskClass(): Task 1022 with 2826745704 instructions added at 5954304
ReadTaskClass(): Task 1023 with 2288089704 instructions added at 5955346
ReadTaskClass(): Task 1024 with 4231123000 instructions added at 5956392
ReadTaskClass(): Task 1025 with 3638061704 instructions added at 5956588
ReadTaskClass(): Task 1026 with 602692704 instructions added at 5958281
ReadTaskClass(): Task 1027 with 75165704 instructions added at 5961341
ReadTaskClass(): Task 1028 with 4034421000 instructions added at 5962538
ReadTaskClass(): Task 1029 with 649299704 instructions added at 5962744
ReadTaskClass(): Task 1030 with 49843704 instructions added at 5965494
ReadTaskClass(): Task 1031 with 150859704 instructions added at 5966438
ReadTaskClass(): Task 1032 with 1496993704 instructions added at 5969092
ReadTaskClass(): Task 1033 with 2013743704 instructions added at 5970070
ReadTaskClass(): Task 1034 with 2141395704 instructions added at 5973403
ReadTaskClass(): Task 1035 with 2830417704 instructions added at 5974018
ReadTaskClass(): Task 1036 with 1484296704 instructions added at 5974090
ReadTaskClass(): Task 1037 with 3196598704 instructions added at 5976015
ReadTaskClass(): Task 1038 with 676141704 instructions added at 5976369
ReadTaskClass(): Task 1039 with 555105704 instructions added at 5978227
ReadTaskClass(): Task 1040 with 1178645704 instructions added at 5979042
ReadTaskClass(): Task 1041 with 2108639704 instructions added at 5980194
ReadTaskClass(): Task 1042 with 3080886704 instructions added at 5981367
ReadTaskClass(): Task 1043 with 2646835704 instructions added at 5981514
ReadTaskClass(): Task 1044 with 4088381000 instructions added at 5983182
ReadTaskClass(): Task 1045 with 273891704 instructions added at 5983283
ReadTaskClass(): Task 1046 with 3367385704 instructions added at 5985420
ReadTaskClass(): Task 1047 with 111112704 instructions added at 5985883
ReadTaskClass(): Task 1048 with 1111433704 instructions added at 5989421
ReadTaskClass(): Task 1049 with 3536248704 instructions added at 5992047
ReadTaskClass(): Task 1050 with 4035388000 instructions added at 5992980
ReadTaskClass(): Task 1051 with 1008489704 instructions added at 5993451
ReadTaskClass(): Task 1052 with 1366491704 instructions added at 5993816
ReadTaskClass(): Task 1053 with 1535167704 instructions added at 5997189
ReadTaskClass(): Task 1054 with 2402866704 instructions added at 5997541
ReadTaskClass(): Task 1055 with 1555590704 instructions added at 5997606
ReadTaskClass(): Task 1056 with 4279583000 instructions added at 5998130
ReadTaskClass(): Task 1057 with 2561540704 instructions added at 5999418
ReadTaskClass(): Task 1058 with 1054959704 instructions added at 5999769
ReadTaskClass(): Task 1059 with 3068161704 instructions added at 6000041
ReadTaskClass(): Task 1060 with 2673823704 instructions added at 6000377
ReadTaskClass(): Task 1061 with 3172508704 instructions added at 6001914
ReadTaskClass(): Task 1062 with 1458117704 instructions added at 6002996
ReadTaskClass(): Task 1063 with 838698704 instructions added at 6003043
ReadTaskClass(): Task 1064 with 895558704 instructions added at 6003187
ReadTaskClass(): Task 1065 with 2923463704 instructions added at 6003400
ReadTaskClass(): Task 1066 with 774723704 instructions added at 6007668
ReadTaskClass(): Task 1067 with 3611895704 instructions added at 6008054
ReadTaskClass(): Task 1068 with 2749079704 instructions added at 6008080
ReadTaskClass(): Task 1069 with 474736704 instructions added at 6008540
ReadTaskClass(): Task 1070 with 676444704 instructions added at 6012336
ReadTaskClass(): Task 1071 with 2667485704 instructions added at 6013607
ReadTaskClass(): Task 1072 with 919278704 instructions added at 6013798
ReadTaskClass(): Task 1073 with 3694453704 instructions added at 6013857
ReadTaskClass(): Task 1074 with 1490842704 instructions added at 6014876
ReadTaskClass(): Task 1075 with 899038704 instructions added at 6015476
ReadTaskClass(): Task 1076 with 1589621704 instructions added at 6017047
ReadTaskClass(): Task 1077 with 487199704 instructions added at 6017646
ReadTaskClass(): Task 1078 with 1727736704 instructions added at 6019572
ReadTaskClass(): Task 1079 with 2264801704 instructions added at 6021154
ReadTaskClass(): Task 1080 with 3290912704 instructions added at 6021377
ReadTaskClass(): Task 1081 with 3068564704 instructions added at 6022718
ReadTaskClass(): Task 1082 with 921353704 instructions added at 6023266
ReadTaskClass(): Task 1083 with 2479460704 instructions added at 6024287
ReadTaskClass(): Task 1084 with 2370684704 instructions added at 6025440
ReadTaskClass(): Task 1085 with 4247283000 instructions added at 6025642
ReadTaskClass(): Task 1086 with 1622664704 instructions added at 6026308
ReadTaskClass(): Task 1087 with 4146730000 instructions added at 6028255
ReadTaskClass(): Task 1088 with 2456818704 instructions added at 6028690
ReadTaskClass(): Task 1089 with 3948864000 instructions added at 6029211
ReadTaskClass(): Task 1090 with 4163398000 instructions added at 6030132
ReadTaskClass(): Task 1091 with 421753704 instructions added at 6030266
ReadTaskClass(): Task 1092 with 1728552704 instructions added at 6030320
ReadTaskClass(): Task 1093 with 1348389704 instructions added at 6031385
ReadTaskClass(): Task 1094 with 2371741704 instructions added at 6031643
ReadTaskClass(): Task 1095 with 954031704 instructions added at 6032062
ReadTaskClass(): Task 1096 with 19168704 instructions added at 6032829
ReadTaskClass(): Task 1097 with 2915987704 instructions added at 6032898
ReadTaskClass(): Task 1098 with 321365704 instructions added at 6033244
ReadTaskClass(): Task 1099 with 1910128704 instructions added at 6035634
ReadTaskClass(): Task 1100 with 750951704 instructions added at 6036984
ReadTaskClass(): Task 1101 with 2139851704 instructions added at 6038286
ReadTaskClass(): Task 1102 with 1236889704 instructions added at 6039432
ReadTaskClass(): Task 1103 with 730240704 instructions added at 6040958
ReadTaskClass(): Task 1104 with 539132704 instructions added at 6041164
ReadTaskClass(): Task 1105 with 2918360704 instructions added at 6042575
ReadTaskClass(): Task 1106 with 929655704 instructions added at 6044731
ReadTaskClass(): Task 1107 with 2624360704 instructions added at 6045775
ReadTaskClass(): Task 1108 with 2576670704 instructions added at 6046697
ReadTaskClass(): Task 1109 with 1748404704 instructions added at 6049061
ReadTaskClass(): Task 1110 with 879221704 instructions added at 6049766
ReadTaskClass(): Task 1111 with 668521704 instructions added at 6052418
ReadTaskClass(): Task 1112 with 3036668704 instructions added at 6054579
ReadTaskClass(): Task 1113 with 2240278704 instructions added at 6056114
ReadTaskClass(): Task 1114 with 3394936704 instructions added at 6058073
ReadTaskClass(): Task 1115 with 2949859704 instructions added at 6059760
ReadTaskClass(): Task 1116 with 2423118704 instructions added at 6060503
ReadTaskClass(): Task 1117 with 3451093704 instructions added at 6062394
ReadTaskClass(): Task 1118 with 1241069704 instructions added at 6064224
ReadTaskClass(): Task 1119 with 3307508704 instructions added at 6069769
ReadTaskClass(): Task 1120 with 1959503704 instructions added at 6070996
ReadTaskClass(): Task 1121 with 1810536704 instructions added at 6074019
ReadTaskClass(): Task 1122 with 2516430704 instructions added at 6074487
ReadTaskClass(): Task 1123 with 873359704 instructions added at 6075025
ReadTaskClass(): Task 1124 with 123279704 instructions added at 6079027
ReadTaskClass(): Task 1125 with 1838591704 instructions added at 6083693
ReadTaskClass(): Task 1126 with 77523704 instructions added at 6085040
ReadTaskClass(): Task 1127 with 1055105704 instructions added at 6086010
ReadTaskClass(): Task 1128 with 2498245704 instructions added at 6086287
ReadTaskClass(): Task 1129 with 4183964000 instructions added at 6086454
ReadTaskClass(): Task 1130 with 320305704 instructions added at 6086757
ReadTaskClass(): Task 1131 with 1962566704 instructions added at 6089048
ReadTaskClass(): Task 1132 with 3439854704 instructions added at 6090659
ReadTaskClass(): Task 1133 with 4003283000 instructions added at 6091250
ReadTaskClass(): Task 1134 with 3192593704 instructions added at 6091398
ReadTaskClass(): Task 1135 with 2301465704 instructions added at 6091474
ReadTaskClass(): Task 1136 with 712207704 instructions added at 6092542
ReadTaskClass(): Task 1137 with 1820811704 instructions added at 6092780
ReadTaskClass(): Task 1138 with 498898704 instructions added at 6092790
ReadTaskClass(): Task 1139 with 1299977704 instructions added at 6094915
ReadTaskClass(): Task 1140 with 3043691704 instructions added at 6095229
ReadTaskClass(): Task 1141 with 1508204704 instructions added at 6095233
ReadTaskClass(): Task 1142 with 2528075704 instructions added at 6096520
ReadTaskClass(): Task 1143 with 2943354704 instructions added at 6097340
ReadTaskClass(): Task 1144 with 9860704 instructions added at 6098915
ReadTaskClass(): Task 1145 with 4087697000 instructions added at 6100209
ReadTaskClass(): Task 1146 with 2303046704 instructions added at 6101257
ReadTaskClass(): Task 1147 with 3725511704 instructions added at 6101288
ReadTaskClass(): Task 1148 with 1923887704 instructions added at 6101948
ReadTaskClass(): Task 1149 with 1508686704 instructions added at 6103234
ReadTaskClass(): Task 1150 with 295691704 instructions added at 6103489
ReadTaskClass(): Task 1151 with 753838704 instructions added at 6103948
ReadTaskClass(): Task 1152 with 4166431000 instructions added at 6104128
ReadTaskClass(): Task 1153 with 3590214704 instructions added at 6104668
ReadTaskClass(): Task 1154 with 2909105704 instructions added at 6105322
ReadTaskClass(): Task 1155 with 1143686704 instructions added at 6105840
ReadTaskClass(): Task 1156 with 1117016704 instructions added at 6107106
ReadTaskClass(): Task 1157 with 3628156704 instructions added at 6108357
ReadTaskClass(): Task 1158 with 710663704 instructions added at 6108434
ReadTaskClass(): Task 1159 with 1662222704 instructions added at 6112005
ReadTaskClass(): Task 1160 with 2135456704 instructions added at 6112106
ReadTaskClass(): Task 1161 with 1221013704 instructions added at 6112143
ReadTaskClass(): Task 1162 with 2634684704 instructions added at 6112542
ReadTaskClass(): Task 1163 with 194709704 instructions added at 6113118
ReadTaskClass(): Task 1164 with 3729293704 instructions added at 6116084
ReadTaskClass(): Task 1165 with 793704704 instructions added at 6116100
ReadTaskClass(): Task 1166 with 199735704 instructions added at 6118559
ReadTaskClass(): Task 1167 with 3984388000 instructions added at 6119303
ReadTaskClass(): Task 1168 with 2978469704 instructions added at 6120525
ReadTaskClass(): Task 1169 with 2033510704 instructions added at 6120789
ReadTaskClass(): Task 1170 with 1689836704 instructions added at 6121367
ReadTaskClass(): Task 1171 with 35598704 instructions added at 6124554
ReadTaskClass(): Task 1172 with 2773224704 instructions added at 6125458
ReadTaskClass(): Task 1173 with 467986704 instructions added at 6127110
ReadTaskClass(): Task 1174 with 2620529704 instructions added at 6127518
ReadTaskClass(): Task 1175 with 1961877704 instructions added at 6129398
ReadTaskClass(): Task 1176 with 1003057704 instructions added at 6130194
ReadTaskClass(): Task 1177 with 4034202000 instructions added at 6130726
ReadTaskClass(): Task 1178 with 3345941704 instructions added at 6131653
ReadTaskClass(): Task 1179 with 2042524704 instructions added at 6132032
ReadTaskClass(): Task 1180 with 1072260704 instructions added at 6132325
ReadTaskClass(): Task 1181 with 4070666000 instructions added at 6133952
ReadTaskClass(): Task 1182 with 791139704 instructions added at 6134577
ReadTaskClass(): Task 1183 with 2677200704 instructions added at 6135208
ReadTaskClass(): Task 1184 with 3365624704 instructions added at 6135672
ReadTaskClass(): Task 1185 with 1821157704 instructions added at 6136153
ReadTaskClass(): Task 1186 with 1277298704 instructions added at 6136431
ReadTaskClass(): Task 1187 with 94201704 instructions added at 6137504
ReadTaskClass(): Task 1188 with 3324320704 instructions added at 6137827
ReadTaskClass(): Task 1189 with 3542954704 instructions added at 6138555
ReadTaskClass(): Task 1190 with 425554704 instructions added at 6138852
ReadTaskClass(): Task 1191 with 1321819704 instructions added at 6139706
ReadTaskClass(): Task 1192 with 1366769704 instructions added at 6139936
ReadTaskClass(): Task 1193 with 2285362704 instructions added at 6143662
ReadTaskClass(): Task 1194 with 352894704 instructions added at 6145787
ReadTaskClass(): Task 1195 with 4020037000 instructions added at 6146572
ReadTaskClass(): Task 1196 with 2999102704 instructions added at 6148771
ReadTaskClass(): Task 1197 with 1073595704 instructions added at 6148817
ReadTaskClass(): Task 1198 with 900742704 instructions added at 6149012
ReadTaskClass(): Task 1199 with 2824188704 instructions added at 6149886
ReadTaskClass(): Task 1200 with 1770454704 instructions added at 6150285
ReadTaskClass(): Task 1201 with 3732752704 instructions added at 6150465
ReadTaskClass(): Task 1202 with 754309704 instructions added at 6150625
ReadTaskClass(): Task 1203 with 1857619704 instructions added at 6153948
ReadTaskClass(): Task 1204 with 1413721704 instructions added at 6154048
ReadTaskClass(): Task 1205 with 823160704 instructions added at 6154636
ReadTaskClass(): Task 1206 with 685974704 instructions added at 6156671
ReadTaskClass(): Task 1207 with 112785704 instructions added at 6156868
ReadTaskClass(): Task 1208 with 2032067704 instructions added at 6157020
ReadTaskClass(): Task 1209 with 579063704 instructions added at 6157102
ReadTaskClass(): Task 1210 with 1881974704 instructions added at 6157251
ReadTaskClass(): Task 1211 with 2563295704 instructions added at 6160914
ReadTaskClass(): Task 1212 with 2064595704 instructions added at 6161216
ReadTaskClass(): Task 1213 with 3196391704 instructions added at 6161672
ReadTaskClass(): Task 1214 with 3757604704 instructions added at 6162840
ReadTaskClass(): Task 1215 with 2213930704 instructions added at 6163807
ReadTaskClass(): Task 1216 with 1626773704 instructions added at 6164452
ReadTaskClass(): Task 1217 with 1964604704 instructions added at 6166445
ReadTaskClass(): Task 1218 with 1435510704 instructions added at 6168930
ReadTaskClass(): Task 1219 with 3463084704 instructions added at 6168947
ReadTaskClass(): Task 1220 with 3984953000 instructions added at 6169739
ReadTaskClass(): Task 1221 with 1693781704 instructions added at 6176900
ReadTaskClass(): Task 1222 with 2928277704 instructions added at 6177130
ReadTaskClass(): Task 1223 with 1666134704 instructions added at 6178769
ReadTaskClass(): Task 1224 with 2635978704 instructions added at 6179025
ReadTaskClass(): Task 1225 with 2540128704 instructions added at 6179618
ReadTaskClass(): Task 1226 with 3481579704 instructions added at 6180889
ReadTaskClass(): Task 1227 with 3731758704 instructions added at 6181672
ReadTaskClass(): Task 1228 with 245175704 instructions added at 6181737
ReadTaskClass(): Task 1229 with 1183824704 instructions added at 6181886
ReadTaskClass(): Task 1230 with 170415704 instructions added at 6182870
ReadTaskClass(): Task 1231 with 1038498704 instructions added at 6183187
ReadTaskClass(): Task 1232 with 2411274704 instructions added at 6183858
ReadTaskClass(): Task 1233 with 3073734704 instructions added at 6185135
ReadTaskClass(): Task 1234 with 2216423704 instructions added at 6185848
ReadTaskClass(): Task 1235 with 3954378000 instructions added at 6186771
ReadTaskClass(): Task 1236 with 2038243704 instructions added at 6187461
ReadTaskClass(): Task 1237 with 1733094704 instructions added at 6188669
ReadTaskClass(): Task 1238 with 1539126704 instructions added at 6193251
ReadTaskClass(): Task 1239 with 4186767000 instructions added at 6194118
ReadTaskClass(): Task 1240 with 2090863704 instructions added at 6195393
ReadTaskClass(): Task 1241 with 23326704 instructions added at 6196429
ReadTaskClass(): Task 1242 with 1474734704 instructions added at 6196733
ReadTaskClass(): Task 1243 with 683195704 instructions added at 6197728
ReadTaskClass(): Task 1244 with 682805704 instructions added at 6199013
ReadTaskClass(): Task 1245 with 2372186704 instructions added at 6199742
ReadTaskClass(): Task 1246 with 3713874704 instructions added at 6200050
ReadTaskClass(): Task 1247 with 1238121704 instructions added at 6203338
ReadTaskClass(): Task 1248 with 2601878704 instructions added at 6203344
ReadTaskClass(): Task 1249 with 658348704 instructions added at 6204064
ReadTaskClass(): Task 1250 with 742744704 instructions added at 6204587
ReadTaskClass(): Task 1251 with 3029058704 instructions added at 6204755
ReadTaskClass(): Task 1252 with 3523805704 instructions added at 6206580
ReadTaskClass(): Task 1253 with 3693043704 instructions added at 6207119
ReadTaskClass(): Task 1254 with 3368575704 instructions added at 6207861
ReadTaskClass(): Task 1255 with 1401540704 instructions added at 6210308
ReadTaskClass(): Task 1256 with 4113826000 instructions added at 6210628
ReadTaskClass(): Task 1257 with 163485704 instructions added at 6211730
ReadTaskClass(): Task 1258 with 1204831704 instructions added at 6212130
ReadTaskClass(): Task 1259 with 1825884704 instructions added at 6214061
ReadTaskClass(): Task 1260 with 370404704 instructions added at 6214660
ReadTaskClass(): Task 1261 with 1016468704 instructions added at 6215784
ReadTaskClass(): Task 1262 with 422102704 instructions added at 6216425
ReadTaskClass(): Task 1263 with 3175617704 instructions added at 6220179
ReadTaskClass(): Task 1264 with 3555668704 instructions added at 6221187
ReadTaskClass(): Task 1265 with 931421704 instructions added at 6221882
ReadTaskClass(): Task 1266 with 1201728704 instructions added at 6222074
ReadTaskClass(): Task 1267 with 2984426704 instructions added at 6222598
ReadTaskClass(): Task 1268 with 716005704 instructions added at 6223698
ReadTaskClass(): Task 1269 with 1851498704 instructions added at 6224272
ReadTaskClass(): Task 1270 with 460389704 instructions added at 6224921
ReadTaskClass(): Task 1271 with 3203154704 instructions added at 6225163
ReadTaskClass(): Task 1272 with 3275451704 instructions added at 6225411
ReadTaskClass(): Task 1273 with 880235704 instructions added at 6226651
ReadTaskClass(): Task 1274 with 4053463000 instructions added at 6228169
ReadTaskClass(): Task 1275 with 1946990704 instructions added at 6228320
ReadTaskClass(): Task 1276 with 2440638704 instructions added at 6228925
ReadTaskClass(): Task 1277 with 4037049000 instructions added at 6230723
ReadTaskClass(): Task 1278 with 1630548704 instructions added at 6231645
ReadTaskClass(): Task 1279 with 3117562704 instructions added at 6232289
ReadTaskClass(): Task 1280 with 3605355704 instructions added at 6233096
ReadTaskClass(): Task 1281 with 2678412704 instructions added at 6233271
ReadTaskClass(): Task 1282 with 1613779704 instructions added at 6235377
ReadTaskClass(): Task 1283 with 3534745704 instructions added at 6236018
ReadTaskClass(): Task 1284 with 3119049704 instructions added at 6238090
ReadTaskClass(): Task 1285 with 2844844704 instructions added at 6239022
ReadTaskClass(): Task 1286 with 766035704 instructions added at 6240827
ReadTaskClass(): Task 1287 with 1606998704 instructions added at 6241294
ReadTaskClass(): Task 1288 with 3764943704 instructions added at 6241475
ReadTaskClass(): Task 1289 with 1163322704 instructions added at 6242448
ReadTaskClass(): Task 1290 with 2807158704 instructions added at 6242491
ReadTaskClass(): Task 1291 with 41149704 instructions added at 6243778
ReadTaskClass(): Task 1292 with 3587485704 instructions added at 6244128
ReadTaskClass(): Task 1293 with 4115943000 instructions added at 6244541
ReadTaskClass(): Task 1294 with 2746229704 instructions added at 6245061
ReadTaskClass(): Task 1295 with 2435515704 instructions added at 6247193
ReadTaskClass(): Task 1296 with 3253099704 instructions added at 6247813
ReadTaskClass(): Task 1297 with 1406267704 instructions added at 6249132
ReadTaskClass(): Task 1298 with 3420761704 instructions added at 6249900
ReadTaskClass(): Task 1299 with 3967371000 instructions added at 6250883
ReadTaskClass(): Task 1300 with 2431019704 instructions added at 6254778
ReadTaskClass(): Task 1301 with 226102704 instructions added at 6255250
ReadTaskClass(): Task 1302 with 2365692704 instructions added at 6255583
ReadTaskClass(): Task 1303 with 172515704 instructions added at 6256450
ReadTaskClass(): Task 1304 with 3142124704 instructions added at 6260926
ReadTaskClass(): Task 1305 with 1191013704 instructions added at 6261544
ReadTaskClass(): Task 1306 with 2947453704 instructions added at 6261941
ReadTaskClass(): Task 1307 with 1128368704 instructions added at 6262336
ReadTaskClass(): Task 1308 with 2973542704 instructions added at 6262992
ReadTaskClass(): Task 1309 with 3387396704 instructions added at 6263265
ReadTaskClass(): Task 1310 with 365031704 instructions added at 6264631
ReadTaskClass(): Task 1311 with 4260037000 instructions added at 6264672
ReadTaskClass(): Task 1312 with 2438779704 instructions added at 6265312
ReadTaskClass(): Task 1313 with 2048879704 instructions added at 6266100
ReadTaskClass(): Task 1314 with 889160704 instructions added at 6266416
ReadTaskClass(): Task 1315 with 3543407704 instructions added at 6267007
ReadTaskClass(): Task 1316 with 1625483704 instructions added at 6267171
ReadTaskClass(): Task 1317 with 2153105704 instructions added at 6267758
ReadTaskClass(): Task 1318 with 4262873000 instructions added at 6268661
ReadTaskClass(): Task 1319 with 537744704 instructions added at 6269705
ReadTaskClass(): Task 1320 with 1405154704 instructions added at 6270801
ReadTaskClass(): Task 1321 with 280775704 instructions added at 6272239
ReadTaskClass(): Task 1322 with 1329719704 instructions added at 6273682
ReadTaskClass(): Task 1323 with 1875800704 instructions added at 6273852
ReadTaskClass(): Task 1324 with 3764365704 instructions added at 6274711
ReadTaskClass(): Task 1325 with 601800704 instructions added at 6274960
ReadTaskClass(): Task 1326 with 3324824704 instructions added at 6275800
ReadTaskClass(): Task 1327 with 2503516704 instructions added at 6276554
ReadTaskClass(): Task 1328 with 362550704 instructions added at 6279046
ReadTaskClass(): Task 1329 with 1735857704 instructions added at 6279191
ReadTaskClass(): Task 1330 with 240285704 instructions added at 6279271
ReadTaskClass(): Task 1331 with 333730704 instructions added at 6279386
ReadTaskClass(): Task 1332 with 3269588704 instructions added at 6279769
ReadTaskClass(): Task 1333 with 3324847704 instructions added at 6280702
ReadTaskClass(): Task 1334 with 136002704 instructions added at 6281845
ReadTaskClass(): Task 1335 with 947633704 instructions added at 6283632
ReadTaskClass(): Task 1336 with 1501304704 instructions added at 6284691
ReadTaskClass(): Task 1337 with 208456704 instructions added at 6284975
ReadTaskClass(): Task 1338 with 2405191704 instructions added at 6284987
ReadTaskClass(): Task 1339 with 376551704 instructions added at 6285178
ReadTaskClass(): Task 1340 with 2639506704 instructions added at 6285887
ReadTaskClass(): Task 1341 with 1771116704 instructions added at 6286685
ReadTaskClass(): Task 1342 with 1721322704 instructions added at 6287560
ReadTaskClass(): Task 1343 with 1007089704 instructions added at 6288265
ReadTaskClass(): Task 1344 with 2313518704 instructions added at 6288755
ReadTaskClass(): Task 1345 with 2722477704 instructions added at 6289520
ReadTaskClass(): Task 1346 with 84798704 instructions added at 6290071
ReadTaskClass(): Task 1347 with 429570704 instructions added at 6290727
ReadTaskClass(): Task 1348 with 723640704 instructions added at 6290893
ReadTaskClass(): Task 1349 with 1719616704 instructions added at 6291378
ReadTaskClass(): Task 1350 with 1851061704 instructions added at 6291541
ReadTaskClass(): Task 1351 with 595188704 instructions added at 6294430
ReadTaskClass(): Task 1352 with 2612091704 instructions added at 6294689
ReadTaskClass(): Task 1353 with 1794418704 instructions added at 6296822
ReadTaskClass(): Task 1354 with 2156327704 instructions added at 6297030
ReadTaskClass(): Task 1355 with 1042224704 instructions added at 6298036
ReadTaskClass(): Task 1356 with 1625648704 instructions added at 6298948
ReadTaskClass(): Task 1357 with 1491331704 instructions added at 6299155
ReadTaskClass(): Task 1358 with 3965816000 instructions added at 6299363
ReadTaskClass(): Task 1359 with 2349621704 instructions added at 6299955
ReadTaskClass(): Task 1360 with 1182546704 instructions added at 6301643
ReadTaskClass(): Task 1361 with 348658704 instructions added at 6303045
ReadTaskClass(): Task 1362 with 3723350704 instructions added at 6304103
ReadTaskClass(): Task 1363 with 3056943704 instructions added at 6306155
ReadTaskClass(): Task 1364 with 272917704 instructions added at 6307229
ReadTaskClass(): Task 1365 with 339674704 instructions added at 6308155
ReadTaskClass(): Task 1366 with 3726301704 instructions added at 6308625
ReadTaskClass(): Task 1367 with 3747203704 instructions added at 6308838
ReadTaskClass(): Task 1368 with 693243704 instructions added at 6310205
ReadTaskClass(): Task 1369 with 1719745704 instructions added at 6310334
ReadTaskClass(): Task 1370 with 376396704 instructions added at 6310912
ReadTaskClass(): Task 1371 with 2460820704 instructions added at 6312603
ReadTaskClass(): Task 1372 with 2218603704 instructions added at 6312693
ReadTaskClass(): Task 1373 with 37482704 instructions added at 6314094
ReadTaskClass(): Task 1374 with 1427976704 instructions added at 6314802
ReadTaskClass(): Task 1375 with 2455206704 instructions added at 6319496
ReadTaskClass(): Task 1376 with 3120694704 instructions added at 6321634
ReadTaskClass(): Task 1377 with 2113308704 instructions added at 6322389
ReadTaskClass(): Task 1378 with 204156704 instructions added at 6322578
ReadTaskClass(): Task 1379 with 2444841704 instructions added at 6322683
ReadTaskClass(): Task 1380 with 3197781704 instructions added at 6322684
ReadTaskClass(): Task 1381 with 857359704 instructions added at 6323393
ReadTaskClass(): Task 1382 with 165908704 instructions added at 6323575
ReadTaskClass(): Task 1383 with 2755005704 instructions added at 6325578
ReadTaskClass(): Task 1384 with 1304996704 instructions added at 6326483
ReadTaskClass(): Task 1385 with 1946523704 instructions added at 6327437
ReadTaskClass(): Task 1386 with 3278623704 instructions added at 6327658
ReadTaskClass(): Task 1387 with 2008219704 instructions added at 6327887
ReadTaskClass(): Task 1388 with 1925257704 instructions added at 6327910
ReadTaskClass(): Task 1389 with 2322594704 instructions added at 6328558
ReadTaskClass(): Task 1390 with 22834704 instructions added at 6328828
ReadTaskClass(): Task 1391 with 2294389704 instructions added at 6330761
ReadTaskClass(): Task 1392 with 1516187704 instructions added at 6330977
ReadTaskClass(): Task 1393 with 2494424704 instructions added at 6331026
ReadTaskClass(): Task 1394 with 2799444704 instructions added at 6332182
ReadTaskClass(): Task 1395 with 1085069704 instructions added at 6334328
ReadTaskClass(): Task 1396 with 1756918704 instructions added at 6334910
ReadTaskClass(): Task 1397 with 234168704 instructions added at 6335642
ReadTaskClass(): Task 1398 with 2520716704 instructions added at 6338066
ReadTaskClass(): Task 1399 with 3435636704 instructions added at 6339873
ReadTaskClass(): Task 1400 with 1777497704 instructions added at 6340548
ReadTaskClass(): Task 1401 with 2613075704 instructions added at 6340644
ReadTaskClass(): Task 1402 with 224850704 instructions added at 6341179
ReadTaskClass(): Task 1403 with 1676663704 instructions added at 6341654
ReadTaskClass(): Task 1404 with 1871696704 instructions added at 6341818
ReadTaskClass(): Task 1405 with 1494110704 instructions added at 6341847
ReadTaskClass(): Task 1406 with 1490104704 instructions added at 6343094
ReadTaskClass(): Task 1407 with 2328260704 instructions added at 6344624
ReadTaskClass(): Task 1408 with 2864064704 instructions added at 6345483
ReadTaskClass(): Task 1409 with 2975515704 instructions added at 6345692
ReadTaskClass(): Task 1410 with 3951693000 instructions added at 6346350
ReadTaskClass(): Task 1411 with 2316540704 instructions added at 6347455
ReadTaskClass(): Task 1412 with 188566704 instructions added at 6347745
ReadTaskClass(): Task 1413 with 2074470704 instructions added at 6348480
ReadTaskClass(): Task 1414 with 3748150704 instructions added at 6349112
ReadTaskClass(): Task 1415 with 335953704 instructions added at 6349393
ReadTaskClass(): Task 1416 with 2561712704 instructions added at 6349696
ReadTaskClass(): Task 1417 with 2558815704 instructions added at 6349900
ReadTaskClass(): Task 1418 with 1975482704 instructions added at 6353699
ReadTaskClass(): Task 1419 with 3736880704 instructions added at 6353957
ReadTaskClass(): Task 1420 with 2404786704 instructions added at 6353967
ReadTaskClass(): Task 1421 with 3959499000 instructions added at 6354695
ReadTaskClass(): Task 1422 with 2779273704 instructions added at 6355027
ReadTaskClass(): Task 1423 with 120658704 instructions added at 6355346
ReadTaskClass(): Task 1424 with 2039752704 instructions added at 6355422
ReadTaskClass(): Task 1425 with 3035345704 instructions added at 6357178
ReadTaskClass(): Task 1426 with 2888356704 instructions added at 6358055
ReadTaskClass(): Task 1427 with 1441395704 instructions added at 6359525
ReadTaskClass(): Task 1428 with 3727579704 instructions added at 6360088
ReadTaskClass(): Task 1429 with 1200254704 instructions added at 6360689
ReadTaskClass(): Task 1430 with 3744902704 instructions added at 6363253
ReadTaskClass(): Task 1431 with 2067036704 instructions added at 6365165
ReadTaskClass(): Task 1432 with 2095111704 instructions added at 6365789
ReadTaskClass(): Task 1433 with 1754804704 instructions added at 6365822
ReadTaskClass(): Task 1434 with 1626527704 instructions added at 6366169
ReadTaskClass(): Task 1435 with 2452719704 instructions added at 6367709
ReadTaskClass(): Task 1436 with 1369480704 instructions added at 6368605
ReadTaskClass(): Task 1437 with 494131704 instructions added at 6368743
ReadTaskClass(): Task 1438 with 2236897704 instructions added at 6369527
ReadTaskClass(): Task 1439 with 1047132704 instructions added at 6372142
ReadTaskClass(): Task 1440 with 3384664704 instructions added at 6373334
ReadTaskClass(): Task 1441 with 1301839704 instructions added at 6373914
ReadTaskClass(): Task 1442 with 1666216704 instructions added at 6373928
ReadTaskClass(): Task 1443 with 1425908704 instructions added at 6374161
ReadTaskClass(): Task 1444 with 1707192704 instructions added at 6376021
ReadTaskClass(): Task 1445 with 3021366704 instructions added at 6380180
ReadTaskClass(): Task 1446 with 1396421704 instructions added at 6381241
ReadTaskClass(): Task 1447 with 159731704 instructions added at 6381873
ReadTaskClass(): Task 1448 with 1261863704 instructions added at 6382063
ReadTaskClass(): Task 1449 with 3758496704 instructions added at 6382149
ReadTaskClass(): Task 1450 with 3054858704 instructions added at 6384998
ReadTaskClass(): Task 1451 with 315478704 instructions added at 6385269
ReadTaskClass(): Task 1452 with 2751289704 instructions added at 6385321
ReadTaskClass(): Task 1453 with 355081704 instructions added at 6386799
ReadTaskClass(): Task 1454 with 929173704 instructions added at 6386834
ReadTaskClass(): Task 1455 with 3656134704 instructions added at 6389944
ReadTaskClass(): Task 1456 with 4198857000 instructions added at 6390543
ReadTaskClass(): Task 1457 with 2360824704 instructions added at 6390781
ReadTaskClass(): Task 1458 with 1944542704 instructions added at 6391412
ReadTaskClass(): Task 1459 with 3185651704 instructions added at 6391873
ReadTaskClass(): Task 1460 with 3467625704 instructions added at 6392243
ReadTaskClass(): Task 1461 with 2291660704 instructions added at 6393057
ReadTaskClass(): Task 1462 with 1713849704 instructions added at 6393379
ReadTaskClass(): Task 1463 with 1876228704 instructions added at 6394355
ReadTaskClass(): Task 1464 with 4284117000 instructions added at 6395763
ReadTaskClass(): Task 1465 with 2947931704 instructions added at 6396534
ReadTaskClass(): Task 1466 with 3716324704 instructions added at 6398305
ReadTaskClass(): Task 1467 with 513541704 instructions added at 6398986
ReadTaskClass(): Task 1468 with 202731704 instructions added at 6399185
ReadTaskClass(): Task 1469 with 3662167704 instructions added at 6399729
ReadTaskClass(): Task 1470 with 4149702000 instructions added at 6399815
ReadTaskClass(): Task 1471 with 929216704 instructions added at 6400469
ReadTaskClass(): Task 1472 with 2577892704 instructions added at 6400486
ReadTaskClass(): Task 1473 with 1051622704 instructions added at 6402081
ReadTaskClass(): Task 1474 with 3005592704 instructions added at 6402514
ReadTaskClass(): Task 1475 with 4054656000 instructions added at 6403112
ReadTaskClass(): Task 1476 with 2172771704 instructions added at 6404785
ReadTaskClass(): Task 1477 with 2481241704 instructions added at 6405617
ReadTaskClass(): Task 1478 with 510991704 instructions added at 6409183
ReadTaskClass(): Task 1479 with 793849704 instructions added at 6410053
ReadTaskClass(): Task 1480 with 1714366704 instructions added at 6410303
ReadTaskClass(): Task 1481 with 3380268704 instructions added at 6410364
ReadTaskClass(): Task 1482 with 1855377704 instructions added at 6413608
ReadTaskClass(): Task 1483 with 2626535704 instructions added at 6414165
ReadTaskClass(): Task 1484 with 220701704 instructions added at 6415655
ReadTaskClass(): Task 1485 with 3261598704 instructions added at 6415846
ReadTaskClass(): Task 1486 with 822542704 instructions added at 6416583
ReadTaskClass(): Task 1487 with 2628360704 instructions added at 6416643
ReadTaskClass(): Task 1488 with 348699704 instructions added at 6417913
ReadTaskClass(): Task 1489 with 3354554704 instructions added at 6419260
ReadTaskClass(): Task 1490 with 2118641704 instructions added at 6419475
ReadTaskClass(): Task 1491 with 437615704 instructions added at 6420789
ReadTaskClass(): Task 1492 with 3659397704 instructions added at 6422361
ReadTaskClass(): Task 1493 with 4155269000 instructions added at 6422434
ReadTaskClass(): Task 1494 with 3115278704 instructions added at 6422987
ReadTaskClass(): Task 1495 with 3973915000 instructions added at 6423968
ReadTaskClass(): Task 1496 with 4131341000 instructions added at 6424003
ReadTaskClass(): Task 1497 with 1111571704 instructions added at 6424216
ReadTaskClass(): Task 1498 with 4038792000 instructions added at 6424971
ReadTaskClass(): Task 1499 with 4220475000 instructions added at 6426891
ReadTaskClass(): Task 1500 with 446752704 instructions added at 6428103
ReadTaskClass(): Task 1501 with 4256014000 instructions added at 6428215
ReadTaskClass(): Task 1502 with 1228966704 instructions added at 6429623
ReadTaskClass(): Task 1503 with 497403704 instructions added at 6430525
ReadTaskClass(): Task 1504 with 1006575704 instructions added at 6430905
ReadTaskClass(): Task 1505 with 4217244000 instructions added at 6433670
ReadTaskClass(): Task 1506 with 18972704 instructions added at 6434899
ReadTaskClass(): Task 1507 with 2411415704 instructions added at 6437333
ReadTaskClass(): Task 1508 with 430280704 instructions added at 6440824
ReadTaskClass(): Task 1509 with 2279303704 instructions added at 6441005
ReadTaskClass(): Task 1510 with 4184274000 instructions added at 6441231
ReadTaskClass(): Task 1511 with 2103923704 instructions added at 6441347
ReadTaskClass(): Task 1512 with 3521057704 instructions added at 6441406
ReadTaskClass(): Task 1513 with 553634704 instructions added at 6443186
ReadTaskClass(): Task 1514 with 2857571704 instructions added at 6444839
ReadTaskClass(): Task 1515 with 2635842704 instructions added at 6445536
ReadTaskClass(): Task 1516 with 3267757704 instructions added at 6446840
ReadTaskClass(): Task 1517 with 1521646704 instructions added at 6448650
ReadTaskClass(): Task 1518 with 2023442704 instructions added at 6449948
ReadTaskClass(): Task 1519 with 1396202704 instructions added at 6450309
ReadTaskClass(): Task 1520 with 3014760704 instructions added at 6451626
ReadTaskClass(): Task 1521 with 250175704 instructions added at 6452672
ReadTaskClass(): Task 1522 with 2559210704 instructions added at 6454139
ReadTaskClass(): Task 1523 with 1761087704 instructions added at 6455381
ReadTaskClass(): Task 1524 with 598260704 instructions added at 6456075
ReadTaskClass(): Task 1525 with 1204199704 instructions added at 6456078
ReadTaskClass(): Task 1526 with 3279342704 instructions added at 6456619
ReadTaskClass(): Task 1527 with 1128073704 instructions added at 6456891
ReadTaskClass(): Task 1528 with 4130240000 instructions added at 6458082
ReadTaskClass(): Task 1529 with 3732863704 instructions added at 6458844
ReadTaskClass(): Task 1530 with 4014726000 instructions added at 6460635
ReadTaskClass(): Task 1531 with 973694704 instructions added at 6460832
ReadTaskClass(): Task 1532 with 984109704 instructions added at 6461348
ReadTaskClass(): Task 1533 with 506597704 instructions added at 6461847
ReadTaskClass(): Task 1534 with 676845704 instructions added at 6463112
ReadTaskClass(): Task 1535 with 3312009704 instructions added at 6463179
ReadTaskClass(): Task 1536 with 2848048704 instructions added at 6463386
ReadTaskClass(): Task 1537 with 2168441704 instructions added at 6464252
ReadTaskClass(): Task 1538 with 4033940000 instructions added at 6465317
ReadTaskClass(): Task 1539 with 2493318704 instructions added at 6465839
ReadTaskClass(): Task 1540 with 3539314704 instructions added at 6466045
ReadTaskClass(): Task 1541 with 2749691704 instructions added at 6467769
ReadTaskClass(): Task 1542 with 2320641704 instructions added at 6467941
ReadTaskClass(): Task 1543 with 1428119704 instructions added at 6469405
ReadTaskClass(): Task 1544 with 2476094704 instructions added at 6469569
ReadTaskClass(): Task 1545 with 2108710704 instructions added at 6471001
ReadTaskClass(): Task 1546 with 1383675704 instructions added at 6474777
ReadTaskClass(): Task 1547 with 2174176704 instructions added at 6475155
ReadTaskClass(): Task 1548 with 1196217704 instructions added at 6475252
ReadTaskClass(): Task 1549 with 4174516000 instructions added at 6476788
ReadTaskClass(): Task 1550 with 1651165704 instructions added at 6479113
ReadTaskClass(): Task 1551 with 1968322704 instructions added at 6479503
ReadTaskClass(): Task 1552 with 1414142704 instructions added at 6479955
ReadTaskClass(): Task 1553 with 253093704 instructions added at 6482245
ReadTaskClass(): Task 1554 with 4106452000 instructions added at 6483304
ReadTaskClass(): Task 1555 with 3623326704 instructions added at 6485535
ReadTaskClass(): Task 1556 with 4203847000 instructions added at 6485672
ReadTaskClass(): Task 1557 with 160174704 instructions added at 6487187
ReadTaskClass(): Task 1558 with 3590950704 instructions added at 6487825
ReadTaskClass(): Task 1559 with 1572574704 instructions added at 6489376
ReadTaskClass(): Task 1560 with 2913181704 instructions added at 6490298
ReadTaskClass(): Task 1561 with 771264704 instructions added at 6490978
ReadTaskClass(): Task 1562 with 36355704 instructions added at 6492218
ReadTaskClass(): Task 1563 with 3677014704 instructions added at 6492246
ReadTaskClass(): Task 1564 with 3698902704 instructions added at 6492592
ReadTaskClass(): Task 1565 with 3067258704 instructions added at 6493133
ReadTaskClass(): Task 1566 with 4096753000 instructions added at 6493146
ReadTaskClass(): Task 1567 with 1449461704 instructions added at 6494267
ReadTaskClass(): Task 1568 with 721179704 instructions added at 6496617
ReadTaskClass(): Task 1569 with 3952993000 instructions added at 6498543
ReadTaskClass(): Task 1570 with 1936138704 instructions added at 6499000
ReadTaskClass(): Task 1571 with 278543704 instructions added at 6500421
ReadTaskClass(): Task 1572 with 273168704 instructions added at 6502915
ReadTaskClass(): Task 1573 with 1532444704 instructions added at 6503477
ReadTaskClass(): Task 1574 with 261871704 instructions added at 6505788
ReadTaskClass(): Task 1575 with 336691704 instructions added at 6505845
ReadTaskClass(): Task 1576 with 1126346704 instructions added at 6506032
ReadTaskClass(): Task 1577 with 3593777704 instructions added at 6506187
ReadTaskClass(): Task 1578 with 104364704 instructions added at 6506881
ReadTaskClass(): Task 1579 with 1019576704 instructions added at 6507539
ReadTaskClass(): Task 1580 with 3061987704 instructions added at 6507918
ReadTaskClass(): Task 1581 with 3264859704 instructions added at 6508455
ReadTaskClass(): Task 1582 with 4236275000 instructions added at 6509660
ReadTaskClass(): Task 1583 with 1143099704 instructions added at 6509862
ReadTaskClass(): Task 1584 with 1071761704 instructions added at 6509888
ReadTaskClass(): Task 1585 with 2304980704 instructions added at 6512136
ReadTaskClass(): Task 1586 with 4141311000 instructions added at 6512196
ReadTaskClass(): Task 1587 with 3411146704 instructions added at 6512600
ReadTaskClass(): Task 1588 with 2246943704 instructions added at 6513029
ReadTaskClass(): Task 1589 with 2187107704 instructions added at 6513370
ReadTaskClass(): Task 1590 with 3487349704 instructions added at 6514267
ReadTaskClass(): Task 1591 with 1731073704 instructions added at 6515116
ReadTaskClass(): Task 1592 with 141151704 instructions added at 6515192
ReadTaskClass(): Task 1593 with 1650861704 instructions added at 6515289
ReadTaskClass(): Task 1594 with 1036122704 instructions added at 6515463
ReadTaskClass(): Task 1595 with 4150432000 instructions added at 6516774
ReadTaskClass(): Task 1596 with 3192612704 instructions added at 6518568
ReadTaskClass(): Task 1597 with 3394155704 instructions added at 6520916
ReadTaskClass(): Task 1598 with 3010848704 instructions added at 6521175
ReadTaskClass(): Task 1599 with 1853750704 instructions added at 6522566
ReadTaskClass(): Task 1600 with 3465403704 instructions added at 6523056
ReadTaskClass(): Task 1601 with 1073076704 instructions added at 6523323
ReadTaskClass(): Task 1602 with 554439704 instructions added at 6523541
ReadTaskClass(): Task 1603 with 848770704 instructions added at 6525289
ReadTaskClass(): Task 1604 with 1510704 instructions added at 6525693
ReadTaskClass(): Task 1605 with 4263528000 instructions added at 6525878
ReadTaskClass(): Task 1606 with 84715704 instructions added at 6529831
ReadTaskClass(): Task 1607 with 302382704 instructions added at 6529904
ReadTaskClass(): Task 1608 with 3354800704 instructions added at 6530332
ReadTaskClass(): Task 1609 with 1212671704 instructions added at 6531633
ReadTaskClass(): Task 1610 with 404150704 instructions added at 6532237
ReadTaskClass(): Task 1611 with 1820208704 instructions added at 6533168
ReadTaskClass(): Task 1612 with 2248442704 instructions added at 6534465
ReadTaskClass(): Task 1613 with 2021090704 instructions added at 6534640
ReadTaskClass(): Task 1614 with 3174580704 instructions added at 6535398
ReadTaskClass(): Task 1615 with 1331647704 instructions added at 6535638
ReadTaskClass(): Task 1616 with 3292878704 instructions added at 6537002
ReadTaskClass(): Task 1617 with 2175187704 instructions added at 6537044
ReadTaskClass(): Task 1618 with 3616062704 instructions added at 6538044
ReadTaskClass(): Task 1619 with 3622379704 instructions added at 6538490
ReadTaskClass(): Task 1620 with 3239111704 instructions added at 6539376
ReadTaskClass(): Task 1621 with 1386545704 instructions added at 6539764
ReadTaskClass(): Task 1622 with 3297223704 instructions added at 6540652
ReadTaskClass(): Task 1623 with 393294704 instructions added at 6540786
ReadTaskClass(): Task 1624 with 2346989704 instructions added at 6540989
ReadTaskClass(): Task 1625 with 130428704 instructions added at 6541283
ReadTaskClass(): Task 1626 with 2144709704 instructions added at 6543260
ReadTaskClass(): Task 1627 with 1724110704 instructions added at 6543565
ReadTaskClass(): Task 1628 with 1828230704 instructions added at 6543572
ReadTaskClass(): Task 1629 with 2883985704 instructions added at 6548531
ReadTaskClass(): Task 1630 with 972457704 instructions added at 6548837
ReadTaskClass(): Task 1631 with 3101921704 instructions added at 6549952
ReadTaskClass(): Task 1632 with 2519206704 instructions added at 6550176
ReadTaskClass(): Task 1633 with 1798450704 instructions added at 6550566
ReadTaskClass(): Task 1634 with 3272753704 instructions added at 6550649
ReadTaskClass(): Task 1635 with 3678984704 instructions added at 6550913
ReadTaskClass(): Task 1636 with 1579164704 instructions added at 6553472
ReadTaskClass(): Task 1637 with 2641140704 instructions added at 6553559
ReadTaskClass(): Task 1638 with 3697636704 instructions added at 6554397
ReadTaskClass(): Task 1639 with 3712880704 instructions added at 6555185
ReadTaskClass(): Task 1640 with 909661704 instructions added at 6556152
ReadTaskClass(): Task 1641 with 834992704 instructions added at 6556918
ReadTaskClass(): Task 1642 with 867635704 instructions added at 6557683
ReadTaskClass(): Task 1643 with 1094426704 instructions added at 6558897
ReadTaskClass(): Task 1644 with 3538000704 instructions added at 6558992
ReadTaskClass(): Task 1645 with 3000264704 instructions added at 6559273
ReadTaskClass(): Task 1646 with 4055484000 instructions added at 6559300
ReadTaskClass(): Task 1647 with 3056568704 instructions added at 6560274
ReadTaskClass(): Task 1648 with 1908258704 instructions added at 6563864
ReadTaskClass(): Task 1649 with 2214814704 instructions added at 6564862
ReadTaskClass(): Task 1650 with 2935767704 instructions added at 6565452
ReadTaskClass(): Task 1651 with 62871704 instructions added at 6566108
ReadTaskClass(): Task 1652 with 431820704 instructions added at 6567699
ReadTaskClass(): Task 1653 with 3640721704 instructions added at 6569275
ReadTaskClass(): Task 1654 with 1417089704 instructions added at 6569783
ReadTaskClass(): Task 1655 with 4239940000 instructions added at 6570092
ReadTaskClass(): Task 1656 with 3536723704 instructions added at 6570858
ReadTaskClass(): Task 1657 with 3703795704 instructions added at 6572766
ReadTaskClass(): Task 1658 with 3308489704 instructions added at 6575259
ReadTaskClass(): Task 1659 with 3415192704 instructions added at 6575990
ReadTaskClass(): Task 1660 with 2850794704 instructions added at 6577169
ReadTaskClass(): Task 1661 with 2570468704 instructions added at 6581341
ReadTaskClass(): Task 1662 with 401816704 instructions added at 6583355
ReadTaskClass(): Task 1663 with 401552704 instructions added at 6584000
ReadTaskClass(): Task 1664 with 2784386704 instructions added at 6584520
ReadTaskClass(): Task 1665 with 2562779704 instructions added at 6584971
ReadTaskClass(): Task 1666 with 4055064000 instructions added at 6585365
ReadTaskClass(): Task 1667 with 1166653704 instructions added at 6585742
ReadTaskClass(): Task 1668 with 232682704 instructions added at 6585952
ReadTaskClass(): Task 1669 with 1718847704 instructions added at 6586500
ReadTaskClass(): Task 1670 with 1556389704 instructions added at 6586623
ReadTaskClass(): Task 1671 with 3518486704 instructions added at 6587645
ReadTaskClass(): Task 1672 with 3381814704 instructions added at 6590970
ReadTaskClass(): Task 1673 with 2348876704 instructions added at 6592435
ReadTaskClass(): Task 1674 with 3589235704 instructions added at 6593857
ReadTaskClass(): Task 1675 with 2916350704 instructions added at 6595400
ReadTaskClass(): Task 1676 with 201278704 instructions added at 6595671
ReadTaskClass(): Task 1677 with 2744764704 instructions added at 6595955
ReadTaskClass(): Task 1678 with 1526239704 instructions added at 6596048
ReadTaskClass(): Task 1679 with 1567386704 instructions added at 6596276
ReadTaskClass(): Task 1680 with 3596107704 instructions added at 6596996
ReadTaskClass(): Task 1681 with 1107930704 instructions added at 6597283
ReadTaskClass(): Task 1682 with 2157596704 instructions added at 6599132
ReadTaskClass(): Task 1683 with 2015884704 instructions added at 6599362
ReadTaskClass(): Task 1684 with 883442704 instructions added at 6602503
ReadTaskClass(): Task 1685 with 2756570704 instructions added at 6604025
ReadTaskClass(): Task 1686 with 103302704 instructions added at 6604114
ReadTaskClass(): Task 1687 with 3578416704 instructions added at 6605569
ReadTaskClass(): Task 1688 with 551453704 instructions added at 6605652
ReadTaskClass(): Task 1689 with 1438323704 instructions added at 6606153
ReadTaskClass(): Task 1690 with 991724704 instructions added at 6607663
ReadTaskClass(): Task 1691 with 3240861704 instructions added at 6608061
ReadTaskClass(): Task 1692 with 1610497704 instructions added at 6608244
ReadTaskClass(): Task 1693 with 3011963704 instructions added at 6608378
ReadTaskClass(): Task 1694 with 3048174704 instructions added at 6608953
ReadTaskClass(): Task 1695 with 624268704 instructions added at 6609058
ReadTaskClass(): Task 1696 with 128120704 instructions added at 6610849
ReadTaskClass(): Task 1697 with 1614219704 instructions added at 6611116
ReadTaskClass(): Task 1698 with 2370079704 instructions added at 6611838
ReadTaskClass(): Task 1699 with 1717671704 instructions added at 6612741
ReadTaskClass(): Task 1700 with 1336627704 instructions added at 6612798
ReadTaskClass(): Task 1701 with 3164484704 instructions added at 6613501
ReadTaskClass(): Task 1702 with 1170836704 instructions added at 6616077
ReadTaskClass(): Task 1703 with 417608704 instructions added at 6617253
ReadTaskClass(): Task 1704 with 1530412704 instructions added at 6617255
ReadTaskClass(): Task 1705 with 587082704 instructions added at 6618116
ReadTaskClass(): Task 1706 with 1952550704 instructions added at 6619761
ReadTaskClass(): Task 1707 with 1847414704 instructions added at 6619798
ReadTaskClass(): Task 1708 with 2488283704 instructions added at 6620252
ReadTaskClass(): Task 1709 with 1156352704 instructions added at 6620577
ReadTaskClass(): Task 1710 with 731418704 instructions added at 6622848
ReadTaskClass(): Task 1711 with 1168211704 instructions added at 6624072
ReadTaskClass(): Task 1712 with 3066068704 instructions added at 6624675
ReadTaskClass(): Task 1713 with 2365294704 instructions added at 6624787
ReadTaskClass(): Task 1714 with 1708698704 instructions added at 6626234
ReadTaskClass(): Task 1715 with 3096589704 instructions added at 6629731
ReadTaskClass(): Task 1716 with 28700704 instructions added at 6629968
ReadTaskClass(): Task 1717 with 4154349000 instructions added at 6630184
ReadTaskClass(): Task 1718 with 2355284704 instructions added at 6631132
ReadTaskClass(): Task 1719 with 3580857704 instructions added at 6633180
ReadTaskClass(): Task 1720 with 2569489704 instructions added at 6635759
ReadTaskClass(): Task 1721 with 896698704 instructions added at 6635851
ReadTaskClass(): Task 1722 with 4100530000 instructions added at 6637016
ReadTaskClass(): Task 1723 with 3634279704 instructions added at 6637586
ReadTaskClass(): Task 1724 with 1160748704 instructions added at 6638791
ReadTaskClass(): Task 1725 with 3572137704 instructions added at 6642151
ReadTaskClass(): Task 1726 with 100554704 instructions added at 6643843
ReadTaskClass(): Task 1727 with 754414704 instructions added at 6644723
ReadTaskClass(): Task 1728 with 1546581704 instructions added at 6645313
ReadTaskClass(): Task 1729 with 327257704 instructions added at 6645686
ReadTaskClass(): Task 1730 with 3444038704 instructions added at 6645702
ReadTaskClass(): Task 1731 with 3666019704 instructions added at 6646806
ReadTaskClass(): Task 1732 with 2472854704 instructions added at 6647099
ReadTaskClass(): Task 1733 with 331429704 instructions added at 6648293
ReadTaskClass(): Task 1734 with 2418678704 instructions added at 6648989
ReadTaskClass(): Task 1735 with 1782190704 instructions added at 6651571
ReadTaskClass(): Task 1736 with 4215286000 instructions added at 6651810
ReadTaskClass(): Task 1737 with 4246167000 instructions added at 6651953
ReadTaskClass(): Task 1738 with 2878134704 instructions added at 6652066
ReadTaskClass(): Task 1739 with 3312502704 instructions added at 6652113
ReadTaskClass(): Task 1740 with 3419164704 instructions added at 6652697
ReadTaskClass(): Task 1741 with 2264618704 instructions added at 6654032
ReadTaskClass(): Task 1742 with 1004868704 instructions added at 6654566
ReadTaskClass(): Task 1743 with 159319704 instructions added at 6655106
ReadTaskClass(): Task 1744 with 3609342704 instructions added at 6656124
ReadTaskClass(): Task 1745 with 4183866000 instructions added at 6656200
ReadTaskClass(): Task 1746 with 1406864704 instructions added at 6656699
ReadTaskClass(): Task 1747 with 720250704 instructions added at 6657624
ReadTaskClass(): Task 1748 with 51297704 instructions added at 6658231
ReadTaskClass(): Task 1749 with 868633704 instructions added at 6659070
ReadTaskClass(): Task 1750 with 1590332704 instructions added at 6659266
ReadTaskClass(): Task 1751 with 46402704 instructions added at 6660192
ReadTaskClass(): Task 1752 with 2372615704 instructions added at 6660422
ReadTaskClass(): Task 1753 with 2449505704 instructions added at 6661207
ReadTaskClass(): Task 1754 with 1746702704 instructions added at 6662035
ReadTaskClass(): Task 1755 with 3163104704 instructions added at 6664052
ReadTaskClass(): Task 1756 with 3348149704 instructions added at 6667100
ReadTaskClass(): Task 1757 with 1691422704 instructions added at 6667704
ReadTaskClass(): Task 1758 with 265441704 instructions added at 6669724
ReadTaskClass(): Task 1759 with 886553704 instructions added at 6671885
ReadTaskClass(): Task 1760 with 1720319704 instructions added at 6672029
ReadTaskClass(): Task 1761 with 163113704 instructions added at 6672384
ReadTaskClass(): Task 1762 with 1129597704 instructions added at 6673246
ReadTaskClass(): Task 1763 with 3555696704 instructions added at 6674458
ReadTaskClass(): Task 1764 with 445704 instructions added at 6675003
ReadTaskClass(): Task 1765 with 2635073704 instructions added at 6675329
ReadTaskClass(): Task 1766 with 1311209704 instructions added at 6679830
ReadTaskClass(): Task 1767 with 3683921704 instructions added at 6680501
ReadTaskClass(): Task 1768 with 1259499704 instructions added at 6681189
ReadTaskClass(): Task 1769 with 4107790000 instructions added at 6682976
ReadTaskClass(): Task 1770 with 1439227704 instructions added at 6683370
ReadTaskClass(): Task 1771 with 1641219704 instructions added at 6684644
ReadTaskClass(): Task 1772 with 155950704 instructions added at 6685701
ReadTaskClass(): Task 1773 with 344695704 instructions added at 6687603
ReadTaskClass(): Task 1774 with 2011470704 instructions added at 6688899
ReadTaskClass(): Task 1775 with 2947049704 instructions added at 6689054
ReadTaskClass(): Task 1776 with 1441802704 instructions added at 6689647
ReadTaskClass(): Task 1777 with 1521220704 instructions added at 6689986
ReadTaskClass(): Task 1778 with 4062689000 instructions added at 6692687
ReadTaskClass(): Task 1779 with 55731704 instructions added at 6693172
ReadTaskClass(): Task 1780 with 129194704 instructions added at 6693828
ReadTaskClass(): Task 1781 with 1359825704 instructions added at 6694549
ReadTaskClass(): Task 1782 with 4253030000 instructions added at 6695848
ReadTaskClass(): Task 1783 with 2294589704 instructions added at 6696807
ReadTaskClass(): Task 1784 with 287908704 instructions added at 6698353
ReadTaskClass(): Task 1785 with 1883529704 instructions added at 6699510
ReadTaskClass(): Task 1786 with 4072389000 instructions added at 6701031
ReadTaskClass(): Task 1787 with 2886112704 instructions added at 6701300
ReadTaskClass(): Task 1788 with 955409704 instructions added at 6702618
ReadTaskClass(): Task 1789 with 2493086704 instructions added at 6703224
ReadTaskClass(): Task 1790 with 2830837704 instructions added at 6703295
ReadTaskClass(): Task 1791 with 4086119000 instructions added at 6703336
ReadTaskClass(): Task 1792 with 2294720704 instructions added at 6703686
ReadTaskClass(): Task 1793 with 2954784704 instructions added at 6703866
ReadTaskClass(): Task 1794 with 1067827704 instructions added at 6704383
ReadTaskClass(): Task 1795 with 2416216704 instructions added at 6706436
ReadTaskClass(): Task 1796 with 4281446000 instructions added at 6706697
ReadTaskClass(): Task 1797 with 1521196704 instructions added at 6706749
ReadTaskClass(): Task 1798 with 3115369704 instructions added at 6708892
ReadTaskClass(): Task 1799 with 1274296704 instructions added at 6710672
ReadTaskClass(): Task 1800 with 669447704 instructions added at 6711725
ReadTaskClass(): Task 1801 with 2207751704 instructions added at 6712196
ReadTaskClass(): Task 1802 with 1325642704 instructions added at 6712382
ReadTaskClass(): Task 1803 with 3537840704 instructions added at 6712618
ReadTaskClass(): Task 1804 with 4242958000 instructions added at 6712835
ReadTaskClass(): Task 1805 with 172940704 instructions added at 6712893
ReadTaskClass(): Task 1806 with 3353089704 instructions added at 6712978
ReadTaskClass(): Task 1807 with 1441103704 instructions added at 6714230
ReadTaskClass(): Task 1808 with 4075833000 instructions added at 6717171
ReadTaskClass(): Task 1809 with 2820704704 instructions added at 6717353
ReadTaskClass(): Task 1810 with 4035149000 instructions added at 6718270
ReadTaskClass(): Task 1811 with 1665078704 instructions added at 6718354
ReadTaskClass(): Task 1812 with 1163237704 instructions added at 6720543
ReadTaskClass(): Task 1813 with 2651741704 instructions added at 6721734
ReadTaskClass(): Task 1814 with 3163137704 instructions added at 6724081
ReadTaskClass(): Task 1815 with 2092552704 instructions added at 6724699
ReadTaskClass(): Task 1816 with 2717771704 instructions added at 6724947
ReadTaskClass(): Task 1817 with 3978287000 instructions added at 6725270
ReadTaskClass(): Task 1818 with 2309229704 instructions added at 6725548
ReadTaskClass(): Task 1819 with 2077862704 instructions added at 6727537
ReadTaskClass(): Task 1820 with 1895320704 instructions added at 6728085
ReadTaskClass(): Task 1821 with 79913704 instructions added at 6733754
ReadTaskClass(): Task 1822 with 1386502704 instructions added at 6735086
ReadTaskClass(): Task 1823 with 1642849704 instructions added at 6738066
ReadTaskClass(): Task 1824 with 2131076704 instructions added at 6738495
ReadTaskClass(): Task 1825 with 1873218704 instructions added at 6738570
ReadTaskClass(): Task 1826 with 260278704 instructions added at 6738608
ReadTaskClass(): Task 1827 with 3449411704 instructions added at 6740565
ReadTaskClass(): Task 1828 with 2006771704 instructions added at 6741020
ReadTaskClass(): Task 1829 with 4081167000 instructions added at 6741171
ReadTaskClass(): Task 1830 with 1035966704 instructions added at 6741382
ReadTaskClass(): Task 1831 with 4159067000 instructions added at 6741511
ReadTaskClass(): Task 1832 with 1460049704 instructions added at 6741761
ReadTaskClass(): Task 1833 with 4017147000 instructions added at 6743192
ReadTaskClass(): Task 1834 with 1642517704 instructions added at 6744281
ReadTaskClass(): Task 1835 with 1041080704 instructions added at 6745173
ReadTaskClass(): Task 1836 with 3996295000 instructions added at 6745964
ReadTaskClass(): Task 1837 with 1114418704 instructions added at 6746687
ReadTaskClass(): Task 1838 with 2988989704 instructions added at 6750859
ReadTaskClass(): Task 1839 with 4032273000 instructions added at 6751054
ReadTaskClass(): Task 1840 with 2183708704 instructions added at 6752207
ReadTaskClass(): Task 1841 with 1919672704 instructions added at 6753146
ReadTaskClass(): Task 1842 with 2487770704 instructions added at 6753214
ReadTaskClass(): Task 1843 with 2216947704 instructions added at 6753834
ReadTaskClass(): Task 1844 with 4185853000 instructions added at 6755277
ReadTaskClass(): Task 1845 with 2117360704 instructions added at 6755676
ReadTaskClass(): Task 1846 with 1169767704 instructions added at 6757045
ReadTaskClass(): Task 1847 with 3014062704 instructions added at 6757276
ReadTaskClass(): Task 1848 with 1562787704 instructions added at 6760230
ReadTaskClass(): Task 1849 with 83777704 instructions added at 6763071
ReadTaskClass(): Task 1850 with 1487595704 instructions added at 6763986
ReadTaskClass(): Task 1851 with 820775704 instructions added at 6764718
ReadTaskClass(): Task 1852 with 2685159704 instructions added at 6765618
ReadTaskClass(): Task 1853 with 2775113704 instructions added at 6768316
ReadTaskClass(): Task 1854 with 4143263000 instructions added at 6768767
ReadTaskClass(): Task 1855 with 3959317000 instructions added at 6770451
ReadTaskClass(): Task 1856 with 4181343000 instructions added at 6771929
ReadTaskClass(): Task 1857 with 3447103704 instructions added at 6772955
ReadTaskClass(): Task 1858 with 4210535000 instructions added at 6773173
ReadTaskClass(): Task 1859 with 1708398704 instructions added at 6773433
ReadTaskClass(): Task 1860 with 750554704 instructions added at 6773593
ReadTaskClass(): Task 1861 with 2036156704 instructions added at 6774317
ReadTaskClass(): Task 1862 with 2587820704 instructions added at 6775806
ReadTaskClass(): Task 1863 with 4018884000 instructions added at 6776646
ReadTaskClass(): Task 1864 with 1132247704 instructions added at 6776819
ReadTaskClass(): Task 1865 with 4186282000 instructions added at 6777954
ReadTaskClass(): Task 1866 with 3320690704 instructions added at 6779243
ReadTaskClass(): Task 1867 with 2809209704 instructions added at 6779448
ReadTaskClass(): Task 1868 with 1176935704 instructions added at 6781599
ReadTaskClass(): Task 1869 with 670463704 instructions added at 6782931
ReadTaskClass(): Task 1870 with 727831704 instructions added at 6788066
ReadTaskClass(): Task 1871 with 3774207704 instructions added at 6788365
ReadTaskClass(): Task 1872 with 760501704 instructions added at 6788609
ReadTaskClass(): Task 1873 with 1816669704 instructions added at 6789975
ReadTaskClass(): Task 1874 with 1831112704 instructions added at 6790483
ReadTaskClass(): Task 1875 with 3606450704 instructions added at 6790484
ReadTaskClass(): Task 1876 with 4219757000 instructions added at 6790527
ReadTaskClass(): Task 1877 with 1270052704 instructions added at 6793422
ReadTaskClass(): Task 1878 with 3712168704 instructions added at 6793575
ReadTaskClass(): Task 1879 with 831368704 instructions added at 6794218
ReadTaskClass(): Task 1880 with 1958217704 instructions added at 6798974
ReadTaskClass(): Task 1881 with 3705055704 instructions added at 6799479
ReadTaskClass(): Task 1882 with 2858096704 instructions added at 6799527
ReadTaskClass(): Task 1883 with 2107751704 instructions added at 6800858
ReadTaskClass(): Task 1884 with 2299486704 instructions added at 6802143
ReadTaskClass(): Task 1885 with 1068306704 instructions added at 6803496
ReadTaskClass(): Task 1886 with 540577704 instructions added at 6806265
ReadTaskClass(): Task 1887 with 3733042704 instructions added at 6807732
ReadTaskClass(): Task 1888 with 658396704 instructions added at 6808182
ReadTaskClass(): Task 1889 with 1559196704 instructions added at 6810328
ReadTaskClass(): Task 1890 with 1726620704 instructions added at 6810495
ReadTaskClass(): Task 1891 with 4246510000 instructions added at 6811483
ReadTaskClass(): Task 1892 with 2546950704 instructions added at 6811618
ReadTaskClass(): Task 1893 with 2725860704 instructions added at 6811698
ReadTaskClass(): Task 1894 with 2678815704 instructions added at 6812960
ReadTaskClass(): Task 1895 with 2213461704 instructions added at 6812999
ReadTaskClass(): Task 1896 with 322155704 instructions added at 6813491
ReadTaskClass(): Task 1897 with 2936661704 instructions added at 6813653
ReadTaskClass(): Task 1898 with 3498181704 instructions added at 6813890
ReadTaskClass(): Task 1899 with 4052523000 instructions added at 6814234
ReadTaskClass(): Task 1900 with 1234607704 instructions added at 6816146
ReadTaskClass(): Task 1901 with 3243119704 instructions added at 6816839
ReadTaskClass(): Task 1902 with 3765927704 instructions added at 6817929
ReadTaskClass(): Task 1903 with 2792295704 instructions added at 6818873
ReadTaskClass(): Task 1904 with 139191704 instructions added at 6819747
ReadTaskClass(): Task 1905 with 1367838704 instructions added at 6820042
ReadTaskClass(): Task 1906 with 708834704 instructions added at 6822386
ReadTaskClass(): Task 1907 with 4141733000 instructions added at 6822677
ReadTaskClass(): Task 1908 with 2922063704 instructions added at 6823223
ReadTaskClass(): Task 1909 with 215653704 instructions added at 6824480
ReadTaskClass(): Task 1910 with 1809249704 instructions added at 6824545
ReadTaskClass(): Task 1911 with 2642677704 instructions added at 6828662
ReadTaskClass(): Task 1912 with 479233704 instructions added at 6829037
ReadTaskClass(): Task 1913 with 2165646704 instructions added at 6829639
ReadTaskClass(): Task 1914 with 183590704 instructions added at 6830086
ReadTaskClass(): Task 1915 with 119554704 instructions added at 6830879
ReadTaskClass(): Task 1916 with 1807000704 instructions added at 6833146
ReadTaskClass(): Task 1917 with 3396416704 instructions added at 6835446
ReadTaskClass(): Task 1918 with 482010704 instructions added at 6835943
ReadTaskClass(): Task 1919 with 1026290704 instructions added at 6836715
ReadTaskClass(): Task 1920 with 2954602704 instructions added at 6838383
ReadTaskClass(): Task 1921 with 3433580704 instructions added at 6839462
ReadTaskClass(): Task 1922 with 2539484704 instructions added at 6840034
ReadTaskClass(): Task 1923 with 4263515000 instructions added at 6840337
ReadTaskClass(): Task 1924 with 3490636704 instructions added at 6840742
ReadTaskClass(): Task 1925 with 2452887704 instructions added at 6842097
ReadTaskClass(): Task 1926 with 3238322704 instructions added at 6843326
ReadTaskClass(): Task 1927 with 4145622000 instructions added at 6843707
ReadTaskClass(): Task 1928 with 616672704 instructions added at 6845607
ReadTaskClass(): Task 1929 with 1664835704 instructions added at 6846341
ReadTaskClass(): Task 1930 with 3503649704 instructions added at 6847605
ReadTaskClass(): Task 1931 with 3193274704 instructions added at 6847942
ReadTaskClass(): Task 1932 with 4015589000 instructions added at 6849364
ReadTaskClass(): Task 1933 with 3070781704 instructions added at 6850198
ReadTaskClass(): Task 1934 with 138223704 instructions added at 6851811
ReadTaskClass(): Task 1935 with 270986704 instructions added at 6851882
ReadTaskClass(): Task 1936 with 2662496704 instructions added at 6852183
ReadTaskClass(): Task 1937 with 2024851704 instructions added at 6852304
ReadTaskClass(): Task 1938 with 3672764704 instructions added at 6852411
ReadTaskClass(): Task 1939 with 589406704 instructions added at 6852770
ReadTaskClass(): Task 1940 with 792845704 instructions added at 6853331
ReadTaskClass(): Task 1941 with 1578515704 instructions added at 6854932
ReadTaskClass(): Task 1942 with 460682704 instructions added at 6858556
ReadTaskClass(): Task 1943 with 1820859704 instructions added at 6858574
ReadTaskClass(): Task 1944 with 4094453000 instructions added at 6858645
ReadTaskClass(): Task 1945 with 1604166704 instructions added at 6859532
ReadTaskClass(): Task 1946 with 3260859704 instructions added at 6859749
ReadTaskClass(): Task 1947 with 2363575704 instructions added at 6859908
ReadTaskClass(): Task 1948 with 726710704 instructions added at 6863818
ReadTaskClass(): Task 1949 with 2158840704 instructions added at 6865026
ReadTaskClass(): Task 1950 with 1033057704 instructions added at 6866229
ReadTaskClass(): Task 1951 with 3121497704 instructions added at 6868788
ReadTaskClass(): Task 1952 with 1602174704 instructions added at 6870112
ReadTaskClass(): Task 1953 with 2695539704 instructions added at 6871931
ReadTaskClass(): Task 1954 with 1823792704 instructions added at 6872032
ReadTaskClass(): Task 1955 with 280658704 instructions added at 6873083
ReadTaskClass(): Task 1956 with 2355995704 instructions added at 6873084
ReadTaskClass(): Task 1957 with 3643902704 instructions added at 6875451
ReadTaskClass(): Task 1958 with 54824704 instructions added at 6876994
ReadTaskClass(): Task 1959 with 4289450000 instructions added at 6878010
ReadTaskClass(): Task 1960 with 1395492704 instructions added at 6878750
ReadTaskClass(): Task 1961 with 3165048704 instructions added at 6879734
ReadTaskClass(): Task 1962 with 893137704 instructions added at 6880438
ReadTaskClass(): Task 1963 with 2713953704 instructions added at 6881390
ReadTaskClass(): Task 1964 with 1047755704 instructions added at 6881676
ReadTaskClass(): Task 1965 with 2628026704 instructions added at 6883336
ReadTaskClass(): Task 1966 with 4142821000 instructions added at 6884684
ReadTaskClass(): Task 1967 with 1375037704 instructions added at 6886483
ReadTaskClass(): Task 1968 with 3733778704 instructions added at 6887054
ReadTaskClass(): Task 1969 with 203910704 instructions added at 6887084
ReadTaskClass(): Task 1970 with 3774754704 instructions added at 6889935
ReadTaskClass(): Task 1971 with 1432260704 instructions added at 6890030
ReadTaskClass(): Task 1972 with 2848983704 instructions added at 6890194
ReadTaskClass(): Task 1973 with 3386374704 instructions added at 6890335
ReadTaskClass(): Task 1974 with 3769226704 instructions added at 6891040
ReadTaskClass(): Task 1975 with 2808447704 instructions added at 6891107
ReadTaskClass(): Task 1976 with 3061534704 instructions added at 6892108
ReadTaskClass(): Task 1977 with 3958997000 instructions added at 6894833
ReadTaskClass(): Task 1978 with 1783658704 instructions added at 6894891
ReadTaskClass(): Task 1979 with 265786704 instructions added at 6895628
ReadTaskClass(): Task 1980 with 2424752704 instructions added at 6895852
ReadTaskClass(): Task 1981 with 3698400704 instructions added at 6896387
ReadTaskClass(): Task 1982 with 1298867704 instructions added at 6899434
ReadTaskClass(): Task 1983 with 3056297704 instructions added at 6900105
ReadTaskClass(): Task 1984 with 3981291000 instructions added at 6900348
ReadTaskClass(): Task 1985 with 2264860704 instructions added at 6900358
ReadTaskClass(): Task 1986 with 172609704 instructions added at 6900394
ReadTaskClass(): Task 1987 with 437211704 instructions added at 6901280
ReadTaskClass(): Task 1988 with 2710887704 instructions added at 6901851
ReadTaskClass(): Task 1989 with 3196532704 instructions added at 6904408
ReadTaskClass(): Task 1990 with 937893704 instructions added at 6904898
ReadTaskClass(): Task 1991 with 23883704 instructions added at 6905079
ReadTaskClass(): Task 1992 with 1849343704 instructions added at 6907048
ReadTaskClass(): Task 1993 with 498442704 instructions added at 6908527
ReadTaskClass(): Task 1994 with 388726704 instructions added at 6908845
ReadTaskClass(): Task 1995 with 2792950704 instructions added at 6908906
ReadTaskClass(): Task 1996 with 760804704 instructions added at 6911545
ReadTaskClass(): Task 1997 with 125560704 instructions added at 6912072
ReadTaskClass(): Task 1998 with 3747673704 instructions added at 6912141
ReadTaskClass(): Task 1999 with 1647541704 instructions added at 6912832
ReadTaskClass(): Task 2000 with 422467704 instructions added at 6913498
ReadTaskClass(): Task 2001 with 1270252704 instructions added at 6913549
ReadTaskClass(): Task 2002 with 942931704 instructions added at 6913993
ReadTaskClass(): Task 2003 with 3221252704 instructions added at 6914629
ReadTaskClass(): Task 2004 with 243328704 instructions added at 6915113
ReadTaskClass(): Task 2005 with 2154291704 instructions added at 6916151
ReadTaskClass(): Task 2006 with 3526556704 instructions added at 6916311
ReadTaskClass(): Task 2007 with 1590550704 instructions added at 6916394
ReadTaskClass(): Task 2008 with 2937255704 instructions added at 6917477
ReadTaskClass(): Task 2009 with 743803704 instructions added at 6918172
ReadTaskClass(): Task 2010 with 1049412704 instructions added at 6918627
ReadTaskClass(): Task 2011 with 2611228704 instructions added at 6918645
ReadTaskClass(): Task 2012 with 3997894000 instructions added at 6918799
ReadTaskClass(): Task 2013 with 2282925704 instructions added at 6919013
ReadTaskClass(): Task 2014 with 546296704 instructions added at 6920290
ReadTaskClass(): Task 2015 with 2476097704 instructions added at 6922215
ReadTaskClass(): Task 2016 with 743826704 instructions added at 6922821
ReadTaskClass(): Task 2017 with 372465704 instructions added at 6923815
ReadTaskClass(): Task 2018 with 4262583000 instructions added at 6924617
ReadTaskClass(): Task 2019 with 151650704 instructions added at 6925200
ReadTaskClass(): Task 2020 with 2473376704 instructions added at 6926252
ReadTaskClass(): Task 2021 with 1490162704 instructions added at 6927047
ReadTaskClass(): Task 2022 with 1677182704 instructions added at 6927981
ReadTaskClass(): Task 2023 with 2992332704 instructions added at 6931645
ReadTaskClass(): Task 2024 with 2224972704 instructions added at 6933468
ReadTaskClass(): Task 2025 with 3095656704 instructions added at 6937209
ReadTaskClass(): Task 2026 with 1201763704 instructions added at 6938406
ReadTaskClass(): Task 2027 with 1847497704 instructions added at 6939152
ReadTaskClass(): Task 2028 with 1816249704 instructions added at 6940396
ReadTaskClass(): Task 2029 with 3366416704 instructions added at 6943788
ReadTaskClass(): Task 2030 with 889436704 instructions added at 6945761
ReadTaskClass(): Task 2031 with 453848704 instructions added at 6946128
ReadTaskClass(): Task 2032 with 3267451704 instructions added at 6946412
ReadTaskClass(): Task 2033 with 3131335704 instructions added at 6947145
ReadTaskClass(): Task 2034 with 1856367704 instructions added at 6947428
ReadTaskClass(): Task 2035 with 924557704 instructions added at 6952593
ReadTaskClass(): Task 2036 with 2431205704 instructions added at 6952680
ReadTaskClass(): Task 2037 with 2049042704 instructions added at 6954878
ReadTaskClass(): Task 2038 with 4135210000 instructions added at 6955196
ReadTaskClass(): Task 2039 with 405060704 instructions added at 6955432
ReadTaskClass(): Task 2040 with 865814704 instructions added at 6957236
ReadTaskClass(): Task 2041 with 3972928000 instructions added at 6958142
ReadTaskClass(): Task 2042 with 4164683000 instructions added at 6959455
ReadTaskClass(): Task 2043 with 877312704 instructions added at 6959494
ReadTaskClass(): Task 2044 with 351252704 instructions added at 6961639
ReadTaskClass(): Task 2045 with 4112602000 instructions added at 6962420
ReadTaskClass(): Task 2046 with 1652542704 instructions added at 6965508
ReadTaskClass(): Task 2047 with 2187922704 instructions added at 6967797
ReadTaskClass(): Task 2048 with 3483704704 instructions added at 6967818
ReadTaskClass(): Task 2049 with 4265170000 instructions added at 6968067
ReadTaskClass(): Task 2050 with 278585704 instructions added at 6968067
ReadTaskClass(): Task 2051 with 1106975704 instructions added at 6970095
ReadTaskClass(): Task 2052 with 1894186704 instructions added at 6970502
ReadTaskClass(): Task 2053 with 1269766704 instructions added at 6971369
ReadTaskClass(): Task 2054 with 279587704 instructions added at 6971658
ReadTaskClass(): Task 2055 with 2901950704 instructions added at 6972241
ReadTaskClass(): Task 2056 with 2748681704 instructions added at 6974058
ReadTaskClass(): Task 2057 with 3777311704 instructions added at 6974245
ReadTaskClass(): Task 2058 with 2135454704 instructions added at 6974606
ReadTaskClass(): Task 2059 with 4140325000 instructions added at 6976133
ReadTaskClass(): Task 2060 with 3211910704 instructions added at 6977081
ReadTaskClass(): Task 2061 with 993630704 instructions added at 6977824
ReadTaskClass(): Task 2062 with 4154395000 instructions added at 6978367
ReadTaskClass(): Task 2063 with 2217403704 instructions added at 6979004
ReadTaskClass(): Task 2064 with 3999378000 instructions added at 6980826
ReadTaskClass(): Task 2065 with 4283379000 instructions added at 6983753
ReadTaskClass(): Task 2066 with 1024512704 instructions added at 6983855
ReadTaskClass(): Task 2067 with 3164766704 instructions added at 6984026
ReadTaskClass(): Task 2068 with 593494704 instructions added at 6984625
ReadTaskClass(): Task 2069 with 2813660704 instructions added at 6985338
ReadTaskClass(): Task 2070 with 1875467704 instructions added at 6987376
ReadTaskClass(): Task 2071 with 3351002704 instructions added at 6987571
ReadTaskClass(): Task 2072 with 764743704 instructions added at 6987812
ReadTaskClass(): Task 2073 with 1572542704 instructions added at 6988032
ReadTaskClass(): Task 2074 with 1705932704 instructions added at 6989239
ReadTaskClass(): Task 2075 with 736924704 instructions added at 6989791
ReadTaskClass(): Task 2076 with 2539016704 instructions added at 6990181
ReadTaskClass(): Task 2077 with 4074516000 instructions added at 6991549
ReadTaskClass(): Task 2078 with 2970095704 instructions added at 6992964
ReadTaskClass(): Task 2079 with 4162192000 instructions added at 6993505
ReadTaskClass(): Task 2080 with 1244758704 instructions added at 6994485
ReadTaskClass(): Task 2081 with 4121782000 instructions added at 6995432
ReadTaskClass(): Task 2082 with 1298960704 instructions added at 6996143
ReadTaskClass(): Task 2083 with 3748441704 instructions added at 6998472
ReadTaskClass(): Task 2084 with 1281561704 instructions added at 7000785
ReadTaskClass(): Reading task descriptor
ReadTaskClass(): Task 2085 with 2270740704 instructions added at 11003061
ReadTaskClass(): Task 2086 with 4071377000 instructions added at 11004086
ReadTaskClass(): Task 2087 with 3954219000 instructions added at 11005691
ReadTaskClass(): Task 2088 with 2464274704 instructions added at 11006149
ReadTaskClass(): Task 2089 with 1655774704 instructions added at 11006304
ReadTaskClass(): Task 2090 with 2165599704 instructions added at 11006827
ReadTaskClass(): Task 2091 with 522020704 instructions added at 11009850
ReadTaskClass(): Task 2092 with 3506080704 instructions added at 11009997
ReadTaskClass(): Task 2093 with 1386839704 instructions added at 11010332
ReadTaskClass(): Task 2094 with 857085704 instructions added at 11010412
ReadTaskClass(): Task 2095 with 569944704 instructions added at 11011110
ReadTaskClass(): Task 2096 with 412885704 instructions added at 11014476
ReadTaskClass(): Task 2097 with 3993174000 instructions added at 11017985
ReadTaskClass(): Task 2098 with 3992514000 instructions added at 11018872
ReadTaskClass(): Task 2099 with 2984906704 instructions added at 11019121
ReadTaskClass(): Task 2100 with 1784180704 instructions added at 11019510
ReadTaskClass(): Task 2101 with 1410851704 instructions added at 11020868
ReadTaskClass(): Task 2102 with 571668704 instructions added at 11022616
ReadTaskClass(): Task 2103 with 3141252704 instructions added at 11023892
ReadTaskClass(): Task 2104 with 55271704 instructions added at 11024396
ReadTaskClass(): Task 2105 with 1269756704 instructions added at 11024701
ReadTaskClass(): Task 2106 with 1309291704 instructions added at 11026413
ReadTaskClass(): Task 2107 with 1007516704 instructions added at 11026989
ReadTaskClass(): Task 2108 with 4117928000 instructions added at 11027827
ReadTaskClass(): Task 2109 with 930101704 instructions added at 11028134
ReadTaskClass(): Task 2110 with 2577428704 instructions added at 11030966
ReadTaskClass(): Task 2111 with 2302442704 instructions added at 11032757
ReadTaskClass(): Task 2112 with 3573942704 instructions added at 11034060
ReadTaskClass(): Task 2113 with 3600858704 instructions added at 11034614
ReadTaskClass(): Task 2114 with 2938760704 instructions added at 11036000
ReadTaskClass(): Task 2115 with 117497704 instructions added at 11037358
ReadTaskClass(): Task 2116 with 1998855704 instructions added at 11038809
ReadTaskClass(): Task 2117 with 624466704 instructions added at 11039976
ReadTaskClass(): Task 2118 with 3649436704 instructions added at 11041520
ReadTaskClass(): Task 2119 with 3928735000 instructions added at 11041897
ReadTaskClass(): Task 2120 with 2088054704 instructions added at 11043811
ReadTaskClass(): Task 2121 with 3336411704 instructions added at 11043842
ReadTaskClass(): Task 2122 with 3758700704 instructions added at 11044444
ReadTaskClass(): Task 2123 with 1314126704 instructions added at 11047954
ReadTaskClass(): Task 2124 with 3582863704 instructions added at 11049306
ReadTaskClass(): Task 2125 with 1724580704 instructions added at 11049325
ReadTaskClass(): Task 2126 with 1750535704 instructions added at 11050778
ReadTaskClass(): Task 2127 with 4088536000 instructions added at 11052075
ReadTaskClass(): Task 2128 with 932094704 instructions added at 11052362
ReadTaskClass(): Task 2129 with 4154871000 instructions added at 11052598
ReadTaskClass(): Task 2130 with 4291566000 instructions added at 11052658
ReadTaskClass(): Task 2131 with 2931939704 instructions added at 11053022
ReadTaskClass(): Task 2132 with 514014704 instructions added at 11054973
ReadTaskClass(): Task 2133 with 445953704 instructions added at 11058211
ReadTaskClass(): Task 2134 with 2878355704 instructions added at 11058236
ReadTaskClass(): Task 2135 with 83101704 instructions added at 11058418
ReadTaskClass(): Task 2136 with 824008704 instructions added at 11060889
ReadTaskClass(): Task 2137 with 3975973000 instructions added at 11061829
ReadTaskClass(): Task 2138 with 3168568704 instructions added at 11062119
ReadTaskClass(): Task 2139 with 1790123704 instructions added at 11063792
ReadTaskClass(): Task 2140 with 3511176704 instructions added at 11063909
ReadTaskClass(): Task 2141 with 943226704 instructions added at 11064238
ReadTaskClass(): Task 2142 with 1950246704 instructions added at 11067912
ReadTaskClass(): Task 2143 with 599209704 instructions added at 11070231
ReadTaskClass(): Task 2144 with 2455584704 instructions added at 11070721
ReadTaskClass(): Task 2145 with 648137704 instructions added at 11071951
ReadTaskClass(): Task 2146 with 558810704 instructions added at 11073616
ReadTaskClass(): Task 2147 with 780315704 instructions added at 11075534
ReadTaskClass(): Task 2148 with 530179704 instructions added at 11076284
ReadTaskClass(): Task 2149 with 2914272704 instructions added at 11076814
ReadTaskClass(): Task 2150 with 4126246000 instructions added at 11077380
ReadTaskClass(): Task 2151 with 765815704 instructions added at 11078540
ReadTaskClass(): Task 2152 with 1768109704 instructions added at 11082833
ReadTaskClass(): Task 2153 with 4125313000 instructions added at 11083430
ReadTaskClass(): Task 2154 with 339911704 instructions added at 11083661
ReadTaskClass(): Task 2155 with 443288704 instructions added at 11083663
ReadTaskClass(): Task 2156 with 3111372704 instructions added at 11086453
ReadTaskClass(): Task 2157 with 1123711704 instructions added at 11086700
ReadTaskClass(): Task 2158 with 766615704 instructions added at 11087245
ReadTaskClass(): Task 2159 with 1870002704 instructions added at 11087946
ReadTaskClass(): Task 2160 with 3622235704 instructions added at 11088571
ReadTaskClass(): Task 2161 with 1205428704 instructions added at 11090113
ReadTaskClass(): Task 2162 with 493945704 instructions added at 11090440
ReadTaskClass(): Task 2163 with 3749567704 instructions added at 11091206
ReadTaskClass(): Task 2164 with 2567089704 instructions added at 11093005
ReadTaskClass(): Task 2165 with 1694271704 instructions added at 11093098
ReadTaskClass(): Task 2166 with 952191704 instructions added at 11093152
ReadTaskClass(): Task 2167 with 513492704 instructions added at 11093165
ReadTaskClass(): Task 2168 with 1122582704 instructions added at 11094710
ReadTaskClass(): Task 2169 with 2975163704 instructions added at 11095011
ReadTaskClass(): Task 2170 with 3282421704 instructions added at 11096484
ReadTaskClass(): Task 2171 with 3535636704 instructions added at 11098239
ReadTaskClass(): Task 2172 with 2023845704 instructions added at 11099686
ReadTaskClass(): Task 2173 with 4087730000 instructions added at 11100329
ReadTaskClass(): Task 2174 with 1886498704 instructions added at 11100488
ReadTaskClass(): Task 2175 with 2823228704 instructions added at 11100984
ReadTaskClass(): Task 2176 with 2635658704 instructions added at 11100984
ReadTaskClass(): Task 2177 with 2605090704 instructions added at 11101059
ReadTaskClass(): Task 2178 with 1842734704 instructions added at 11101656
ReadTaskClass(): Task 2179 with 2067480704 instructions added at 11102107
ReadTaskClass(): Task 2180 with 952396704 instructions added at 11104285
ReadTaskClass(): Task 2181 with 4106824000 instructions added at 11104870
ReadTaskClass(): Task 2182 with 994145704 instructions added at 11106703
ReadTaskClass(): Task 2183 with 1448405704 instructions added at 11108092
ReadTaskClass(): Task 2184 with 2646906704 instructions added at 11108215
ReadTaskClass(): Task 2185 with 3282220704 instructions added at 11109970
ReadTaskClass(): Task 2186 with 1516914704 instructions added at 11112263
ReadTaskClass(): Task 2187 with 817855704 instructions added at 11113615
ReadTaskClass(): Task 2188 with 3616447704 instructions added at 11113916
ReadTaskClass(): Task 2189 with 2739388704 instructions added at 11116192
ReadTaskClass(): Task 2190 with 2610208704 instructions added at 11116856
ReadTaskClass(): Task 2191 with 1229001704 instructions added at 11119406
ReadTaskClass(): Task 2192 with 776479704 instructions added at 11119886
ReadTaskClass(): Task 2193 with 1669227704 instructions added at 11120269
ReadTaskClass(): Task 2194 with 432781704 instructions added at 11121013
ReadTaskClass(): Task 2195 with 4110888000 instructions added at 11121638
ReadTaskClass(): Task 2196 with 1000652704 instructions added at 11122766
ReadTaskClass(): Task 2197 with 3503966704 instructions added at 11122804
ReadTaskClass(): Task 2198 with 2955687704 instructions added at 11124696
ReadTaskClass(): Task 2199 with 3567112704 instructions added at 11125133
ReadTaskClass(): Task 2200 with 3417446704 instructions added at 11125283
ReadTaskClass(): Task 2201 with 408768704 instructions added at 11125315
ReadTaskClass(): Task 2202 with 53815704 instructions added at 11126332
ReadTaskClass(): Task 2203 with 643055704 instructions added at 11127325
ReadTaskClass(): Task 2204 with 3045358704 instructions added at 11127532
ReadTaskClass(): Task 2205 with 1547580704 instructions added at 11127878
ReadTaskClass(): Task 2206 with 637412704 instructions added at 11128895
ReadTaskClass(): Task 2207 with 3049395704 instructions added at 11129415
ReadTaskClass(): Task 2208 with 1674062704 instructions added at 11130454
ReadTaskClass(): Task 2209 with 1844032704 instructions added at 11130784
ReadTaskClass(): Task 2210 with 178485704 instructions added at 11131158
ReadTaskClass(): Task 2211 with 945757704 instructions added at 11131241
ReadTaskClass(): Task 2212 with 2580111704 instructions added at 11132861
ReadTaskClass(): Task 2213 with 3175317704 instructions added at 11133635
ReadTaskClass(): Task 2214 with 4205368000 instructions added at 11136250
ReadTaskClass(): Task 2215 with 1976062704 instructions added at 11136750
ReadTaskClass(): Task 2216 with 797435704 instructions added at 11136879
ReadTaskClass(): Task 2217 with 695040704 instructions added at 11136885
ReadTaskClass(): Task 2218 with 2668147704 instructions added at 11137357
ReadTaskClass(): Task 2219 with 887820704 instructions added at 11138733
ReadTaskClass(): Task 2220 with 1399719704 instructions added at 11138868
ReadTaskClass(): Task 2221 with 4200369000 instructions added at 11138941
ReadTaskClass(): Task 2222 with 2688421704 instructions added at 11141811
ReadTaskClass(): Task 2223 with 222197704 instructions added at 11144276
ReadTaskClass(): Task 2224 with 3176121704 instructions added at 11144508
ReadTaskClass(): Task 2225 with 3543301704 instructions added at 11145643
ReadTaskClass(): Task 2226 with 1558683704 instructions added at 11146365
ReadTaskClass(): Task 2227 with 3716565704 instructions added at 11146886
ReadTaskClass(): Task 2228 with 2906967704 instructions added at 11148604
ReadTaskClass(): Task 2229 with 2325697704 instructions added at 11149154
ReadTaskClass(): Task 2230 with 3975381000 instructions added at 11149352
ReadTaskClass(): Task 2231 with 949094704 instructions added at 11149755
ReadTaskClass(): Task 2232 with 364792704 instructions added at 11150403
ReadTaskClass(): Task 2233 with 2326012704 instructions added at 11152505
ReadTaskClass(): Task 2234 with 2013124704 instructions added at 11152596
ReadTaskClass(): Task 2235 with 3451649704 instructions added at 11152901
ReadTaskClass(): Task 2236 with 3383010704 instructions added at 11153218
ReadTaskClass(): Task 2237 with 1088122704 instructions added at 11153600
ReadTaskClass(): Task 2238 with 230746704 instructions added at 11155291
ReadTaskClass(): Task 2239 with 3683558704 instructions added at 11158019
ReadTaskClass(): Task 2240 with 662212704 instructions added at 11159363
ReadTaskClass(): Task 2241 with 143262704 instructions added at 11160823
ReadTaskClass(): Task 2242 with 920648704 instructions added at 11161269
ReadTaskClass(): Task 2243 with 2113388704 instructions added at 11163339
ReadTaskClass(): Task 2244 with 423197704 instructions added at 11164887
ReadTaskClass(): Task 2245 with 2888083704 instructions added at 11165845
ReadTaskClass(): Task 2246 with 513329704 instructions added at 11166289
ReadTaskClass(): Task 2247 with 1477450704 instructions added at 11167199
ReadTaskClass(): Task 2248 with 479195704 instructions added at 11167731
ReadTaskClass(): Task 2249 with 3627142704 instructions added at 11168094
ReadTaskClass(): Task 2250 with 3209637704 instructions added at 11169098
ReadTaskClass(): Task 2251 with 3579155704 instructions added at 11169391
ReadTaskClass(): Task 2252 with 1723224704 instructions added at 11169710
ReadTaskClass(): Task 2253 with 733579704 instructions added at 11170113
ReadTaskClass(): Task 2254 with 2853891704 instructions added at 11170246
ReadTaskClass(): Task 2255 with 1597994704 instructions added at 11170794
ReadTaskClass(): Task 2256 with 3335066704 instructions added at 11172287
ReadTaskClass(): Task 2257 with 1260790704 instructions added at 11172553
ReadTaskClass(): Task 2258 with 1484337704 instructions added at 11175499
ReadTaskClass(): Task 2259 with 1561816704 instructions added at 11175951
ReadTaskClass(): Task 2260 with 1540091704 instructions added at 11176020
ReadTaskClass(): Task 2261 with 3075659704 instructions added at 11178527
ReadTaskClass(): Task 2262 with 378970704 instructions added at 11178890
ReadTaskClass(): Task 2263 with 2423039704 instructions added at 11179680
ReadTaskClass(): Task 2264 with 1078551704 instructions added at 11180394
ReadTaskClass(): Task 2265 with 3438115704 instructions added at 11184842
ReadTaskClass(): Task 2266 with 887948704 instructions added at 11185314
ReadTaskClass(): Task 2267 with 3644323704 instructions added at 11187486
ReadTaskClass(): Task 2268 with 1717546704 instructions added at 11188152
ReadTaskClass(): Task 2269 with 2289529704 instructions added at 11189493
ReadTaskClass(): Task 2270 with 1710761704 instructions added at 11189802
ReadTaskClass(): Task 2271 with 1346306704 instructions added at 11189855
ReadTaskClass(): Task 2272 with 4251323000 instructions added at 11189934
ReadTaskClass(): Task 2273 with 2670766704 instructions added at 11189968
ReadTaskClass(): Task 2274 with 360971704 instructions added at 11191138
ReadTaskClass(): Task 2275 with 1857526704 instructions added at 11191614
ReadTaskClass(): Task 2276 with 3625001704 instructions added at 11192481
ReadTaskClass(): Task 2277 with 4228489000 instructions added at 11193354
ReadTaskClass(): Task 2278 with 1588159704 instructions added at 11196553
ReadTaskClass(): Task 2279 with 2069621704 instructions added at 11197804
ReadTaskClass(): Task 2280 with 4078837000 instructions added at 11197938
ReadTaskClass(): Task 2281 with 2196819704 instructions added at 11198622
ReadTaskClass(): Task 2282 with 1940947704 instructions added at 11198679
ReadTaskClass(): Task 2283 with 2114561704 instructions added at 11199982
ReadTaskClass(): Task 2284 with 1440269704 instructions added at 11201687
ReadTaskClass(): Task 2285 with 244956704 instructions added at 11203251
ReadTaskClass(): Task 2286 with 2350713704 instructions added at 11204707
ReadTaskClass(): Task 2287 with 2571754704 instructions added at 11208353
ReadTaskClass(): Task 2288 with 3980667000 instructions added at 11209609
ReadTaskClass(): Task 2289 with 1689999704 instructions added at 11210372
ReadTaskClass(): Task 2290 with 2024281704 instructions added at 11215127
ReadTaskClass(): Task 2291 with 2727413704 instructions added at 11215819
ReadTaskClass(): Task 2292 with 1503444704 instructions added at 11217789
ReadTaskClass(): Task 2293 with 3975384000 instructions added at 11218961
ReadTaskClass(): Task 2294 with 99844704 instructions added at 11220525
ReadTaskClass(): Task 2295 with 2365525704 instructions added at 11221885
ReadTaskClass(): Task 2296 with 3201465704 instructions added at 11223694
ReadTaskClass(): Task 2297 with 2262506704 instructions added at 11223741
ReadTaskClass(): Task 2298 with 1816393704 instructions added at 11223835
ReadTaskClass(): Task 2299 with 1184293704 instructions added at 11224609
ReadTaskClass(): Task 2300 with 2236958704 instructions added at 11224998
ReadTaskClass(): Task 2301 with 1241115704 instructions added at 11227098
ReadTaskClass(): Task 2302 with 2312705704 instructions added at 11227576
ReadTaskClass(): Task 2303 with 3649335704 instructions added at 11228524
ReadTaskClass(): Task 2304 with 219720704 instructions added at 11228644
ReadTaskClass(): Task 2305 with 961073704 instructions added at 11229395
ReadTaskClass(): Task 2306 with 3596235704 instructions added at 11229486
ReadTaskClass(): Task 2307 with 1766415704 instructions added at 11229926
ReadTaskClass(): Task 2308 with 1388016704 instructions added at 11230499
ReadTaskClass(): Task 2309 with 1269364704 instructions added at 11230587
ReadTaskClass(): Task 2310 with 558891704 instructions added at 11230765
ReadTaskClass(): Task 2311 with 3610034704 instructions added at 11231158
ReadTaskClass(): Task 2312 with 3017972704 instructions added at 11231383
ReadTaskClass(): Task 2313 with 1968107704 instructions added at 11235894
ReadTaskClass(): Task 2314 with 3678692704 instructions added at 11236451
ReadTaskClass(): Task 2315 with 3049749704 instructions added at 11237514
ReadTaskClass(): Task 2316 with 577067704 instructions added at 11238171
ReadTaskClass(): Task 2317 with 3950307000 instructions added at 11238927
ReadTaskClass(): Task 2318 with 563367704 instructions added at 11239413
ReadTaskClass(): Task 2319 with 2523720704 instructions added at 11241275
ReadTaskClass(): Task 2320 with 1219145704 instructions added at 11241498
ReadTaskClass(): Task 2321 with 2696090704 instructions added at 11242466
ReadTaskClass(): Task 2322 with 1367893704 instructions added at 11243908
ReadTaskClass(): Task 2323 with 1468926704 instructions added at 11246063
ReadTaskClass(): Task 2324 with 2632155704 instructions added at 11246644
ReadTaskClass(): Task 2325 with 1704117704 instructions added at 11247611
ReadTaskClass(): Task 2326 with 3610250704 instructions added at 11248532
ReadTaskClass(): Task 2327 with 1755579704 instructions added at 11249695
ReadTaskClass(): Task 2328 with 940452704 instructions added at 11250286
ReadTaskClass(): Task 2329 with 3040799704 instructions added at 11253930
ReadTaskClass(): Task 2330 with 265292704 instructions added at 11255606
ReadTaskClass(): Task 2331 with 3107385704 instructions added at 11257059
ReadTaskClass(): Task 2332 with 1962001704 instructions added at 11257340
ReadTaskClass(): Task 2333 with 1348397704 instructions added at 11261145
ReadTaskClass(): Task 2334 with 1049600704 instructions added at 11261529
ReadTaskClass(): Task 2335 with 3356036704 instructions added at 11262395
ReadTaskClass(): Task 2336 with 220459704 instructions added at 11262966
ReadTaskClass(): Task 2337 with 4152096000 instructions added at 11262974
ReadTaskClass(): Task 2338 with 4161010000 instructions added at 11265271
ReadTaskClass(): Task 2339 with 4284700000 instructions added at 11266188
ReadTaskClass(): Task 2340 with 744805704 instructions added at 11266215
ReadTaskClass(): Task 2341 with 1796529704 instructions added at 11268446
ReadTaskClass(): Task 2342 with 554673704 instructions added at 11268761
ReadTaskClass(): Task 2343 with 825498704 instructions added at 11269224
ReadTaskClass(): Task 2344 with 569852704 instructions added at 11270317
ReadTaskClass(): Task 2345 with 505773704 instructions added at 11271310
ReadTaskClass(): Task 2346 with 1364983704 instructions added at 11271729
ReadTaskClass(): Task 2347 with 799364704 instructions added at 11272277
ReadTaskClass(): Task 2348 with 2179145704 instructions added at 11275121
ReadTaskClass(): Task 2349 with 704125704 instructions added at 11275611
ReadTaskClass(): Task 2350 with 1101076704 instructions added at 11278202
ReadTaskClass(): Task 2351 with 746792704 instructions added at 11279532
ReadTaskClass(): Task 2352 with 2371631704 instructions added at 11280392
ReadTaskClass(): Task 2353 with 4069143000 instructions added at 11281833
ReadTaskClass(): Task 2354 with 1731648704 instructions added at 11282263
ReadTaskClass(): Task 2355 with 210423704 instructions added at 11284029
ReadTaskClass(): Task 2356 with 2652625704 instructions added at 11284061
ReadTaskClass(): Task 2357 with 1980316704 instructions added at 11284434
ReadTaskClass(): Task 2358 with 2282845704 instructions added at 11284647
ReadTaskClass(): Task 2359 with 3564928704 instructions added at 11287723
ReadTaskClass(): Task 2360 with 2025831704 instructions added at 11288722
ReadTaskClass(): Task 2361 with 2077348704 instructions added at 11290198
ReadTaskClass(): Task 2362 with 3159609704 instructions added at 11290673
ReadTaskClass(): Task 2363 with 2713534704 instructions added at 11292252
ReadTaskClass(): Task 2364 with 2116090704 instructions added at 11292562
ReadTaskClass(): Task 2365 with 4110648000 instructions added at 11293750
ReadTaskClass(): Task 2366 with 4120070000 instructions added at 11294455
ReadTaskClass(): Task 2367 with 266114704 instructions added at 11294938
ReadTaskClass(): Task 2368 with 2314091704 instructions added at 11295972
ReadTaskClass(): Task 2369 with 2389779704 instructions added at 11299108
ReadTaskClass(): Task 2370 with 3586320704 instructions added at 11300599
ReadTaskClass(): Task 2371 with 3744937704 instructions added at 11301578
ReadTaskClass(): Task 2372 with 2909826704 instructions added at 11302665
ReadTaskClass(): Task 2373 with 3691999704 instructions added at 11303527
ReadTaskClass(): Task 2374 with 3733547704 instructions added at 11307481
ReadTaskClass(): Task 2375 with 2386584704 instructions added at 11308913
ReadTaskClass(): Task 2376 with 243252704 instructions added at 11311527
ReadTaskClass(): Task 2377 with 773965704 instructions added at 11312089
ReadTaskClass(): Task 2378 with 2038971704 instructions added at 11315005
ReadTaskClass(): Task 2379 with 35458704 instructions added at 11315106
ReadTaskClass(): Task 2380 with 1408633704 instructions added at 11315285
ReadTaskClass(): Task 2381 with 1122133704 instructions added at 11316224
ReadTaskClass(): Task 2382 with 2064055704 instructions added at 11316746
ReadTaskClass(): Task 2383 with 4161041000 instructions added at 11317968
ReadTaskClass(): Task 2384 with 3406419704 instructions added at 11318615
ReadTaskClass(): Task 2385 with 150647704 instructions added at 11319079
ReadTaskClass(): Task 2386 with 3053750704 instructions added at 11319096
ReadTaskClass(): Task 2387 with 1025636704 instructions added at 11320491
ReadTaskClass(): Task 2388 with 850929704 instructions added at 11321337
ReadTaskClass(): Task 2389 with 3164256704 instructions added at 11323022
ReadTaskClass(): Task 2390 with 351042704 instructions added at 11323099
ReadTaskClass(): Task 2391 with 911422704 instructions added at 11323195
ReadTaskClass(): Task 2392 with 49561704 instructions added at 11323231
ReadTaskClass(): Task 2393 with 1036732704 instructions added at 11323662
ReadTaskClass(): Task 2394 with 4077747000 instructions added at 11326921
ReadTaskClass(): Task 2395 with 3318392704 instructions added at 11329396
ReadTaskClass(): Task 2396 with 2109134704 instructions added at 11329952
ReadTaskClass(): Task 2397 with 4082943000 instructions added at 11331897
ReadTaskClass(): Task 2398 with 3635183704 instructions added at 11332578
ReadTaskClass(): Task 2399 with 2539224704 instructions added at 11333361
ReadTaskClass(): Task 2400 with 883200704 instructions added at 11335406
ReadTaskClass(): Task 2401 with 1561593704 instructions added at 11335463
ReadTaskClass(): Task 2402 with 1224959704 instructions added at 11335890
ReadTaskClass(): Task 2403 with 1380046704 instructions added at 11336390
ReadTaskClass(): Task 2404 with 2703959704 instructions added at 11336838
ReadTaskClass(): Task 2405 with 2133300704 instructions added at 11337532
ReadTaskClass(): Task 2406 with 3512565704 instructions added at 11339966
ReadTaskClass(): Task 2407 with 2609680704 instructions added at 11340568
ReadTaskClass(): Task 2408 with 1548480704 instructions added at 11340686
ReadTaskClass(): Task 2409 with 2629359704 instructions added at 11341138
ReadTaskClass(): Task 2410 with 2259864704 instructions added at 11341316
ReadTaskClass(): Task 2411 with 653807704 instructions added at 11341526
ReadTaskClass(): Task 2412 with 2977211704 instructions added at 11344120
ReadTaskClass(): Task 2413 with 3651239704 instructions added at 11345432
ReadTaskClass(): Task 2414 with 1169911704 instructions added at 11346179
ReadTaskClass(): Task 2415 with 2906141704 instructions added at 11346481
ReadTaskClass(): Task 2416 with 1870040704 instructions added at 11346977
ReadTaskClass(): Task 2417 with 3215642704 instructions added at 11348969
ReadTaskClass(): Task 2418 with 116717704 instructions added at 11349429
ReadTaskClass(): Task 2419 with 302706704 instructions added at 11349778
ReadTaskClass(): Task 2420 with 2589488704 instructions added at 11351938
ReadTaskClass(): Task 2421 with 2294034704 instructions added at 11355605
ReadTaskClass(): Task 2422 with 3059145704 instructions added at 11357093
ReadTaskClass(): Task 2423 with 4058883000 instructions added at 11357299
ReadTaskClass(): Task 2424 with 1308562704 instructions added at 11357507
ReadTaskClass(): Task 2425 with 1914257704 instructions added at 11358540
ReadTaskClass(): Task 2426 with 3013170704 instructions added at 11360419
ReadTaskClass(): Task 2427 with 2198575704 instructions added at 11361133
ReadTaskClass(): Task 2428 with 4202411000 instructions added at 11361589
ReadTaskClass(): Task 2429 with 1452313704 instructions added at 11361809
ReadTaskClass(): Task 2430 with 289840704 instructions added at 11364791
ReadTaskClass(): Task 2431 with 2072059704 instructions added at 11367338
ReadTaskClass(): Task 2432 with 2667463704 instructions added at 11369355
ReadTaskClass(): Task 2433 with 1451977704 instructions added at 11375090
ReadTaskClass(): Task 2434 with 3023152704 instructions added at 11376451
ReadTaskClass(): Task 2435 with 3631346704 instructions added at 11376555
ReadTaskClass(): Task 2436 with 15752704 instructions added at 11376613
ReadTaskClass(): Task 2437 with 2310624704 instructions added at 11377046
ReadTaskClass(): Task 2438 with 2159822704 instructions added at 11379938
ReadTaskClass(): Task 2439 with 2469365704 instructions added at 11380147
ReadTaskClass(): Task 2440 with 2786757704 instructions added at 11380565
ReadTaskClass(): Task 2441 with 3545328704 instructions added at 11382674
ReadTaskClass(): Task 2442 with 2800263704 instructions added at 11385165
ReadTaskClass(): Task 2443 with 1406475704 instructions added at 11385362
ReadTaskClass(): Task 2444 with 1548359704 instructions added at 11386830
ReadTaskClass(): Task 2445 with 225489704 instructions added at 11387184
ReadTaskClass(): Task 2446 with 4094057000 instructions added at 11387541
ReadTaskClass(): Task 2447 with 2683061704 instructions added at 11391090
ReadTaskClass(): Task 2448 with 2900758704 instructions added at 11391542
ReadTaskClass(): Task 2449 with 614139704 instructions added at 11392538
ReadTaskClass(): Task 2450 with 1313952704 instructions added at 11392843
ReadTaskClass(): Task 2451 with 1686247704 instructions added at 11392897
ReadTaskClass(): Task 2452 with 3751307704 instructions added at 11396654
ReadTaskClass(): Task 2453 with 3530430704 instructions added at 11396681
ReadTaskClass(): Task 2454 with 1147523704 instructions added at 11398703
ReadTaskClass(): Task 2455 with 3998427000 instructions added at 11398963
ReadTaskClass(): Task 2456 with 975301704 instructions added at 11399246
ReadTaskClass(): Task 2457 with 156005704 instructions added at 11399716
ReadTaskClass(): Task 2458 with 2558340704 instructions added at 11401120
ReadTaskClass(): Task 2459 with 2002410704 instructions added at 11401526
ReadTaskClass(): Task 2460 with 1068073704 instructions added at 11401947
ReadTaskClass(): Task 2461 with 2793626704 instructions added at 11402069
ReadTaskClass(): Task 2462 with 1706628704 instructions added at 11402096
ReadTaskClass(): Task 2463 with 1133497704 instructions added at 11402190
ReadTaskClass(): Task 2464 with 3263804704 instructions added at 11405890
ReadTaskClass(): Task 2465 with 1306932704 instructions added at 11406632
ReadTaskClass(): Task 2466 with 735422704 instructions added at 11410561
ReadTaskClass(): Task 2467 with 1836461704 instructions added at 11411411
ReadTaskClass(): Task 2468 with 373329704 instructions added at 11413070
ReadTaskClass(): Task 2469 with 3243885704 instructions added at 11414610
ReadTaskClass(): Task 2470 with 1936111704 instructions added at 11414823
ReadTaskClass(): Task 2471 with 1198475704 instructions added at 11414963
ReadTaskClass(): Task 2472 with 1610485704 instructions added at 11415728
ReadTaskClass(): Task 2473 with 2439095704 instructions added at 11416674
ReadTaskClass(): Task 2474 with 3267462704 instructions added at 11417639
ReadTaskClass(): Task 2475 with 1982190704 instructions added at 11417645
ReadTaskClass(): Task 2476 with 3262490704 instructions added at 11417858
ReadTaskClass(): Task 2477 with 1745650704 instructions added at 11424898
ReadTaskClass(): Task 2478 with 353731704 instructions added at 11426929
ReadTaskClass(): Task 2479 with 2285217704 instructions added at 11427451
ReadTaskClass(): Task 2480 with 3118254704 instructions added at 11428111
ReadTaskClass(): Task 2481 with 2508921704 instructions added at 11428633
ReadTaskClass(): Task 2482 with 1006975704 instructions added at 11429806
ReadTaskClass(): Task 2483 with 2098270704 instructions added at 11432655
ReadTaskClass(): Task 2484 with 395872704 instructions added at 11434084
ReadTaskClass(): Task 2485 with 2076736704 instructions added at 11434672
ReadTaskClass(): Task 2486 with 3535170704 instructions added at 11435315
ReadTaskClass(): Task 2487 with 3598887704 instructions added at 11435439
ReadTaskClass(): Task 2488 with 2063289704 instructions added at 11437010
ReadTaskClass(): Task 2489 with 3750366704 instructions added at 11437340
ReadTaskClass(): Task 2490 with 3684248704 instructions added at 11437918
ReadTaskClass(): Task 2491 with 3023483704 instructions added at 11438162
ReadTaskClass(): Task 2492 with 3125745704 instructions added at 11438236
ReadTaskClass(): Task 2493 with 542299704 instructions added at 11439288
ReadTaskClass(): Task 2494 with 3203471704 instructions added at 11439823
ReadTaskClass(): Task 2495 with 4265818000 instructions added at 11439993
ReadTaskClass(): Task 2496 with 4218600000 instructions added at 11440044
ReadTaskClass(): Task 2497 with 2185833704 instructions added at 11440359
ReadTaskClass(): Task 2498 with 51485704 instructions added at 11440513
ReadTaskClass(): Task 2499 with 2145968704 instructions added at 11440589
ReadTaskClass(): Task 2500 with 4089763000 instructions added at 11441418
ReadTaskClass(): Task 2501 with 1197819704 instructions added at 11442455
ReadTaskClass(): Task 2502 with 2038278704 instructions added at 11443471
ReadTaskClass(): Task 2503 with 51602704 instructions added at 11443978
ReadTaskClass(): Task 2504 with 2087575704 instructions added at 11443988
ReadTaskClass(): Task 2505 with 1729216704 instructions added at 11444049
ReadTaskClass(): Task 2506 with 1816086704 instructions added at 11444488
ReadTaskClass(): Task 2507 with 337572704 instructions added at 11445438
ReadTaskClass(): Task 2508 with 94461704 instructions added at 11445731
ReadTaskClass(): Task 2509 with 2073658704 instructions added at 11446142
ReadTaskClass(): Task 2510 with 1491529704 instructions added at 11446256
ReadTaskClass(): Task 2511 with 1626773704 instructions added at 11446425
ReadTaskClass(): Task 2512 with 3592181704 instructions added at 11447045
ReadTaskClass(): Task 2513 with 962676704 instructions added at 11447913
ReadTaskClass(): Task 2514 with 1536984704 instructions added at 11451242
ReadTaskClass(): Task 2515 with 3052441704 instructions added at 11452657
ReadTaskClass(): Task 2516 with 1892366704 instructions added at 11453728
ReadTaskClass(): Task 2517 with 1800591704 instructions added at 11453956
ReadTaskClass(): Task 2518 with 711286704 instructions added at 11454003
ReadTaskClass(): Task 2519 with 3086250704 instructions added at 11455642
ReadTaskClass(): Task 2520 with 1334843704 instructions added at 11456496
ReadTaskClass(): Task 2521 with 1698098704 instructions added at 11457049
ReadTaskClass(): Task 2522 with 2704662704 instructions added at 11457931
ReadTaskClass(): Task 2523 with 2796120704 instructions added at 11458433
ReadTaskClass(): Task 2524 with 4043025000 instructions added at 11458499
ReadTaskClass(): Task 2525 with 3979256000 instructions added at 11459682
ReadTaskClass(): Task 2526 with 3150296704 instructions added at 11460372
ReadTaskClass(): Task 2527 with 3961643000 instructions added at 11461754
ReadTaskClass(): Task 2528 with 2981066704 instructions added at 11463204
ReadTaskClass(): Task 2529 with 2360995704 instructions added at 11463311
ReadTaskClass(): Task 2530 with 685362704 instructions added at 11463434
ReadTaskClass(): Task 2531 with 2298278704 instructions added at 11465296
ReadTaskClass(): Task 2532 with 3319677704 instructions added at 11466208
ReadTaskClass(): Task 2533 with 934136704 instructions added at 11467603
ReadTaskClass(): Task 2534 with 276859704 instructions added at 11467675
ReadTaskClass(): Task 2535 with 602648704 instructions added at 11470533
ReadTaskClass(): Task 2536 with 878754704 instructions added at 11472102
ReadTaskClass(): Task 2537 with 1745738704 instructions added at 11473479
ReadTaskClass(): Task 2538 with 3348797704 instructions added at 11475266
ReadTaskClass(): Task 2539 with 683605704 instructions added at 11475978
ReadTaskClass(): Task 2540 with 3259278704 instructions added at 11476571
ReadTaskClass(): Task 2541 with 1755833704 instructions added at 11478299
ReadTaskClass(): Task 2542 with 3619312704 instructions added at 11480938
ReadTaskClass(): Task 2543 with 1920317704 instructions added at 11482070
ReadTaskClass(): Task 2544 with 2205246704 instructions added at 11484444
ReadTaskClass(): Task 2545 with 716709704 instructions added at 11486598
ReadTaskClass(): Task 2546 with 1336303704 instructions added at 11486767
ReadTaskClass(): Task 2547 with 107127704 instructions added at 11493051
ReadTaskClass(): Task 2548 with 2773396704 instructions added at 11493365
ReadTaskClass(): Task 2549 with 3551397704 instructions added at 11493483
ReadTaskClass(): Task 2550 with 2511478704 instructions added at 11497409
ReadTaskClass(): Task 2551 with 3125272704 instructions added at 11497849
ReadTaskClass(): Task 2552 with 2274297704 instructions added at 11498225
ReadTaskClass(): Task 2553 with 2448839704 instructions added at 11498363
ReadTaskClass(): Task 2554 with 154188704 instructions added at 11498540
ReadTaskClass(): Task 2555 with 3968430000 instructions added at 11498737
ReadTaskClass(): Task 2556 with 1041392704 instructions added at 11501520
ReadTaskClass(): Task 2557 with 3155579704 instructions added at 11502019
ReadTaskClass(): Task 2558 with 2978782704 instructions added at 11502343
ReadTaskClass(): Task 2559 with 738061704 instructions added at 11504164
ReadTaskClass(): Task 2560 with 1673250704 instructions added at 11505033
ReadTaskClass(): Task 2561 with 527090704 instructions added at 11505357
ReadTaskClass(): Task 2562 with 3591461704 instructions added at 11505625
ReadTaskClass(): Task 2563 with 2079736704 instructions added at 11505949
ReadTaskClass(): Task 2564 with 1973584704 instructions added at 11507934
ReadTaskClass(): Task 2565 with 102070704 instructions added at 11509061
ReadTaskClass(): Task 2566 with 2414553704 instructions added at 11509534
ReadTaskClass(): Task 2567 with 535194704 instructions added at 11510234
ReadTaskClass(): Task 2568 with 203551704 instructions added at 11510540
ReadTaskClass(): Task 2569 with 91780704 instructions added at 11511157
ReadTaskClass(): Task 2570 with 1730615704 instructions added at 11511797
ReadTaskClass(): Task 2571 with 2847257704 instructions added at 11512758
ReadTaskClass(): Task 2572 with 1748918704 instructions added at 11514352
ReadTaskClass(): Task 2573 with 3729910704 instructions added at 11514457
ReadTaskClass(): Task 2574 with 2271748704 instructions added at 11514514
ReadTaskClass(): Task 2575 with 2985730704 instructions added at 11515181
ReadTaskClass(): Task 2576 with 3394799704 instructions added at 11516309
ReadTaskClass(): Task 2577 with 4091712000 instructions added at 11516450
ReadTaskClass(): Task 2578 with 3323550704 instructions added at 11516486
ReadTaskClass(): Task 2579 with 1507329704 instructions added at 11516759
ReadTaskClass(): Task 2580 with 553367704 instructions added at 11517102
ReadTaskClass(): Task 2581 with 3085856704 instructions added at 11517898
ReadTaskClass(): Task 2582 with 4175794000 instructions added at 11518643
ReadTaskClass(): Task 2583 with 2932540704 instructions added at 11520818
ReadTaskClass(): Task 2584 with 151598704 instructions added at 11521680
ReadTaskClass(): Task 2585 with 1825842704 instructions added at 11522013
ReadTaskClass(): Task 2586 with 3719938704 instructions added at 11523086
ReadTaskClass(): Task 2587 with 1646250704 instructions added at 11523510
ReadTaskClass(): Task 2588 with 1084409704 instructions added at 11524032
ReadTaskClass(): Task 2589 with 1603137704 instructions added at 11525565
ReadTaskClass(): Task 2590 with 1291492704 instructions added at 11526525
ReadTaskClass(): Task 2591 with 3392801704 instructions added at 11527648
ReadTaskClass(): Task 2592 with 2538659704 instructions added at 11528166
ReadTaskClass(): Task 2593 with 977068704 instructions added at 11528421
ReadTaskClass(): Task 2594 with 516990704 instructions added at 11528691
ReadTaskClass(): Task 2595 with 2456792704 instructions added at 11530455
ReadTaskClass(): Task 2596 with 2406902704 instructions added at 11530684
ReadTaskClass(): Task 2597 with 2271099704 instructions added at 11530905
ReadTaskClass(): Task 2598 with 2280256704 instructions added at 11531263
ReadTaskClass(): Task 2599 with 1180117704 instructions added at 11531849
ReadTaskClass(): Task 2600 with 3194325704 instructions added at 11533604
ReadTaskClass(): Task 2601 with 834717704 instructions added at 11535084
ReadTaskClass(): Task 2602 with 1913509704 instructions added at 11535618
ReadTaskClass(): Task 2603 with 1861880704 instructions added at 11535672
ReadTaskClass(): Task 2604 with 3522497704 instructions added at 11536088
ReadTaskClass(): Task 2605 with 4288386000 instructions added at 11538061
ReadTaskClass(): Task 2606 with 727338704 instructions added at 11538174
ReadTaskClass(): Task 2607 with 616379704 instructions added at 11538312
ReadTaskClass(): Task 2608 with 3559738704 instructions added at 11539028
ReadTaskClass(): Task 2609 with 4208524000 instructions added at 11540723
ReadTaskClass(): Task 2610 with 1317380704 instructions added at 11541422
ReadTaskClass(): Task 2611 with 1013116704 instructions added at 11542732
ReadTaskClass(): Task 2612 with 3976031000 instructions added at 11543022
ReadTaskClass(): Task 2613 with 2271440704 instructions added at 11544256
ReadTaskClass(): Task 2614 with 147526704 instructions added at 11544377
ReadTaskClass(): Task 2615 with 1551410704 instructions added at 11545911
ReadTaskClass(): Task 2616 with 828800704 instructions added at 11546319
ReadTaskClass(): Task 2617 with 3924065000 instructions added at 11547662
ReadTaskClass(): Task 2618 with 1287328704 instructions added at 11549663
ReadTaskClass(): Task 2619 with 3586450704 instructions added at 11550218
ReadTaskClass(): Task 2620 with 2679784704 instructions added at 11550543
ReadTaskClass(): Task 2621 with 1730468704 instructions added at 11553170
ReadTaskClass(): Task 2622 with 2870637704 instructions added at 11553768
ReadTaskClass(): Task 2623 with 769457704 instructions added at 11556882
ReadTaskClass(): Task 2624 with 44540704 instructions added at 11556954
ReadTaskClass(): Task 2625 with 4086244000 instructions added at 11558563
ReadTaskClass(): Task 2626 with 198865704 instructions added at 11559312
ReadTaskClass(): Task 2627 with 1645297704 instructions added at 11559538
ReadTaskClass(): Task 2628 with 335149704 instructions added at 11560919
ReadTaskClass(): Task 2629 with 65086704 instructions added at 11561811
ReadTaskClass(): Task 2630 with 2325187704 instructions added at 11562513
ReadTaskClass(): Task 2631 with 2830828704 instructions added at 11562540
ReadTaskClass(): Task 2632 with 1138552704 instructions added at 11562720
ReadTaskClass(): Task 2633 with 4237343000 instructions added at 11563681
ReadTaskClass(): Task 2634 with 975166704 instructions added at 11564591
ReadTaskClass(): Task 2635 with 1703314704 instructions added at 11565228
ReadTaskClass(): Task 2636 with 2613457704 instructions added at 11565553
ReadTaskClass(): Task 2637 with 730439704 instructions added at 11565816
ReadTaskClass(): Task 2638 with 481874704 instructions added at 11565824
ReadTaskClass(): Task 2639 with 1943180704 instructions added at 11566414
ReadTaskClass(): Task 2640 with 2307877704 instructions added at 11568768
ReadTaskClass(): Task 2641 with 2673901704 instructions added at 11569083
ReadTaskClass(): Task 2642 with 2015701704 instructions added at 11569997
ReadTaskClass(): Task 2643 with 2567127704 instructions added at 11570149
ReadTaskClass(): Task 2644 with 2251995704 instructions added at 11571071
ReadTaskClass(): Task 2645 with 1079859704 instructions added at 11573791
ReadTaskClass(): Task 2646 with 273668704 instructions added at 11573854
ReadTaskClass(): Task 2647 with 3383500704 instructions added at 11574863
ReadTaskClass(): Task 2648 with 138248704 instructions added at 11575618
ReadTaskClass(): Task 2649 with 1076757704 instructions added at 11576559
ReadTaskClass(): Task 2650 with 854570704 instructions added at 11577320
ReadTaskClass(): Task 2651 with 2177873704 instructions added at 11577458
ReadTaskClass(): Task 2652 with 3696333704 instructions added at 11577504
ReadTaskClass(): Task 2653 with 2495263704 instructions added at 11577647
ReadTaskClass(): Task 2654 with 1382151704 instructions added at 11578620
ReadTaskClass(): Task 2655 with 2628998704 instructions added at 11579396
ReadTaskClass(): Task 2656 with 1237381704 instructions added at 11580941
ReadTaskClass(): Task 2657 with 2338118704 instructions added at 11582024
ReadTaskClass(): Task 2658 with 2117696704 instructions added at 11582058
ReadTaskClass(): Task 2659 with 3738380704 instructions added at 11582096
ReadTaskClass(): Task 2660 with 385269704 instructions added at 11582408
ReadTaskClass(): Task 2661 with 1569362704 instructions added at 11582808
ReadTaskClass(): Task 2662 with 529366704 instructions added at 11584072
ReadTaskClass(): Task 2663 with 4081680000 instructions added at 11584696
ReadTaskClass(): Task 2664 with 729794704 instructions added at 11584969
ReadTaskClass(): Task 2665 with 1043667704 instructions added at 11585943
ReadTaskClass(): Task 2666 with 1416248704 instructions added at 11586555
ReadTaskClass(): Task 2667 with 3585952704 instructions added at 11587674
ReadTaskClass(): Task 2668 with 1066367704 instructions added at 11588513
ReadTaskClass(): Task 2669 with 1188552704 instructions added at 11589616
ReadTaskClass(): Task 2670 with 3767525704 instructions added at 11590570
ReadTaskClass(): Task 2671 with 4131332000 instructions added at 11593165
ReadTaskClass(): Task 2672 with 3511988704 instructions added at 11593497
ReadTaskClass(): Task 2673 with 1011078704 instructions added at 11593651
ReadTaskClass(): Task 2674 with 527055704 instructions added at 11594422
ReadTaskClass(): Task 2675 with 2994798704 instructions added at 11596476
ReadTaskClass(): Task 2676 with 4287598000 instructions added at 11597344
ReadTaskClass(): Task 2677 with 2854844704 instructions added at 11597616
ReadTaskClass(): Task 2678 with 3489757704 instructions added at 11598180
ReadTaskClass(): Task 2679 with 1387953704 instructions added at 11598825
ReadTaskClass(): Task 2680 with 4170867000 instructions added at 11601555
ReadTaskClass(): Task 2681 with 422282704 instructions added at 11602226
ReadTaskClass(): Task 2682 with 2380615704 instructions added at 11603137
ReadTaskClass(): Task 2683 with 2764691704 instructions added at 11603813
ReadTaskClass(): Task 2684 with 2590397704 instructions added at 11605267
ReadTaskClass(): Task 2685 with 1282943704 instructions added at 11607347
ReadTaskClass(): Task 2686 with 2568864704 instructions added at 11607626
ReadTaskClass(): Task 2687 with 325764704 instructions added at 11607653
ReadTaskClass(): Task 2688 with 2022666704 instructions added at 11607864
ReadTaskClass(): Task 2689 with 3689664704 instructions added at 11608447
ReadTaskClass(): Task 2690 with 628416704 instructions added at 11608778
ReadTaskClass(): Task 2691 with 2861221704 instructions added at 11610400
ReadTaskClass(): Task 2692 with 4061416000 instructions added at 11611643
ReadTaskClass(): Task 2693 with 2880768704 instructions added at 11613473
ReadTaskClass(): Task 2694 with 1920025704 instructions added at 11616126
ReadTaskClass(): Task 2695 with 3074177704 instructions added at 11616436
ReadTaskClass(): Task 2696 with 2026319704 instructions added at 11616595
ReadTaskClass(): Task 2697 with 2756543704 instructions added at 11617055
ReadTaskClass(): Task 2698 with 1876285704 instructions added at 11617272
ReadTaskClass(): Task 2699 with 1709366704 instructions added at 11617867
ReadTaskClass(): Task 2700 with 1729482704 instructions added at 11620007
ReadTaskClass(): Task 2701 with 1338675704 instructions added at 11622159
ReadTaskClass(): Task 2702 with 1516233704 instructions added at 11622202
ReadTaskClass(): Task 2703 with 4206257000 instructions added at 11623508
ReadTaskClass(): Task 2704 with 541166704 instructions added at 11625281
ReadTaskClass(): Task 2705 with 1582261704 instructions added at 11625825
ReadTaskClass(): Task 2706 with 1587288704 instructions added at 11627777
ReadTaskClass(): Task 2707 with 4290946000 instructions added at 11627864
ReadTaskClass(): Task 2708 with 3520901704 instructions added at 11628047
ReadTaskClass(): Task 2709 with 1353395704 instructions added at 11628233
ReadTaskClass(): Task 2710 with 2786544704 instructions added at 11628775
ReadTaskClass(): Task 2711 with 92970704 instructions added at 11629467
ReadTaskClass(): Task 2712 with 3494171704 instructions added at 11629900
ReadTaskClass(): Task 2713 with 170447704 instructions added at 11632484
ReadTaskClass(): Task 2714 with 2966880704 instructions added at 11632695
ReadTaskClass(): Task 2715 with 492985704 instructions added at 11633130
ReadTaskClass(): Task 2716 with 2796598704 instructions added at 11633903
ReadTaskClass(): Task 2717 with 3507710704 instructions added at 11634234
ReadTaskClass(): Task 2718 with 2017968704 instructions added at 11634961
ReadTaskClass(): Task 2719 with 4020346000 instructions added at 11635095
ReadTaskClass(): Task 2720 with 329936704 instructions added at 11635420
ReadTaskClass(): Task 2721 with 447176704 instructions added at 11636017
ReadTaskClass(): Task 2722 with 2682160704 instructions added at 11637341
ReadTaskClass(): Task 2723 with 2563353704 instructions added at 11637703
ReadTaskClass(): Task 2724 with 1315609704 instructions added at 11638490
ReadTaskClass(): Task 2725 with 2463863704 instructions added at 11639520
ReadTaskClass(): Task 2726 with 3008194704 instructions added at 11639760
ReadTaskClass(): Task 2727 with 4150784000 instructions added at 11639844
ReadTaskClass(): Task 2728 with 699380704 instructions added at 11639987
ReadTaskClass(): Task 2729 with 2055303704 instructions added at 11640337
ReadTaskClass(): Task 2730 with 3287301704 instructions added at 11641260
ReadTaskClass(): Task 2731 with 1215947704 instructions added at 11641785
ReadTaskClass(): Task 2732 with 900588704 instructions added at 11642016
ReadTaskClass(): Task 2733 with 3061696704 instructions added at 11642289
ReadTaskClass(): Task 2734 with 1350673704 instructions added at 11642927
ReadTaskClass(): Task 2735 with 2359789704 instructions added at 11643310
ReadTaskClass(): Task 2736 with 233271704 instructions added at 11644013
ReadTaskClass(): Task 2737 with 3561320704 instructions added at 11644073
ReadTaskClass(): Task 2738 with 591497704 instructions added at 11646465
ReadTaskClass(): Task 2739 with 197329704 instructions added at 11646795
ReadTaskClass(): Task 2740 with 464696704 instructions added at 11646985
ReadTaskClass(): Task 2741 with 2664294704 instructions added at 11647729
ReadTaskClass(): Task 2742 with 1861060704 instructions added at 11648204
ReadTaskClass(): Task 2743 with 159014704 instructions added at 11649546
ReadTaskClass(): Task 2744 with 4121572000 instructions added at 11652578
ReadTaskClass(): Task 2745 with 2993069704 instructions added at 11654968
ReadTaskClass(): Task 2746 with 856860704 instructions added at 11656309
ReadTaskClass(): Task 2747 with 2219263704 instructions added at 11657876
ReadTaskClass(): Task 2748 with 3522342704 instructions added at 11659145
ReadTaskClass(): Task 2749 with 3306065704 instructions added at 11659636
ReadTaskClass(): Task 2750 with 2739063704 instructions added at 11661229
ReadTaskClass(): Task 2751 with 3576864704 instructions added at 11664190
ReadTaskClass(): Task 2752 with 3630506704 instructions added at 11664195
ReadTaskClass(): Task 2753 with 3526489704 instructions added at 11664576
ReadTaskClass(): Task 2754 with 215795704 instructions added at 11664729
ReadTaskClass(): Task 2755 with 1167350704 instructions added at 11665903
ReadTaskClass(): Task 2756 with 746511704 instructions added at 11668156
ReadTaskClass(): Task 2757 with 1000008704 instructions added at 11668361
ReadTaskClass(): Task 2758 with 3728303704 instructions added at 11668452
ReadTaskClass(): Task 2759 with 1659859704 instructions added at 11668587
ReadTaskClass(): Task 2760 with 1867386704 instructions added at 11668594
ReadTaskClass(): Task 2761 with 2924046704 instructions added at 11670882
ReadTaskClass(): Task 2762 with 612136704 instructions added at 11674766
ReadTaskClass(): Task 2763 with 1904835704 instructions added at 11675675
ReadTaskClass(): Task 2764 with 1907724704 instructions added at 11675807
ReadTaskClass(): Task 2765 with 3346140704 instructions added at 11676616
ReadTaskClass(): Task 2766 with 2676626704 instructions added at 11679458
ReadTaskClass(): Task 2767 with 3020628704 instructions added at 11679473
ReadTaskClass(): Task 2768 with 595113704 instructions added at 11680551
ReadTaskClass(): Task 2769 with 107707704 instructions added at 11681663
ReadTaskClass(): Task 2770 with 4045716000 instructions added at 11682231
ReadTaskClass(): Task 2771 with 469631704 instructions added at 11686572
ReadTaskClass(): Task 2772 with 4029520000 instructions added at 11687453
ReadTaskClass(): Task 2773 with 2802522704 instructions added at 11688737
ReadTaskClass(): Task 2774 with 2299942704 instructions added at 11689437
ReadTaskClass(): Task 2775 with 1839419704 instructions added at 11690098
ReadTaskClass(): Task 2776 with 1657267704 instructions added at 11690248
ReadTaskClass(): Task 2777 with 561727704 instructions added at 11695416
ReadTaskClass(): Task 2778 with 1620198704 instructions added at 11696677
ReadTaskClass(): Task 2779 with 443119704 instructions added at 11696877
ReadTaskClass(): Task 2780 with 2639880704 instructions added at 11697433
ReadTaskClass(): Task 2781 with 1529969704 instructions added at 11699324
ReadTaskClass(): Task 2782 with 3941000000 instructions added at 11700117
ReadTaskClass(): Task 2783 with 1284770704 instructions added at 11701425
ReadTaskClass(): Task 2784 with 2528739704 instructions added at 11702070
ReadTaskClass(): Task 2785 with 1696228704 instructions added at 11703743
ReadTaskClass(): Task 2786 with 4044665000 instructions added at 11703854
ReadTaskClass(): Task 2787 with 270327704 instructions added at 11704695
ReadTaskClass(): Task 2788 with 4211601000 instructions added at 11706876
ReadTaskClass(): Task 2789 with 3320758704 instructions added at 11707797
ReadTaskClass(): Task 2790 with 735390704 instructions added at 11711265
ReadTaskClass(): Task 2791 with 1032548704 instructions added at 11713575
ReadTaskClass(): Task 2792 with 1441194704 instructions added at 11715944
ReadTaskClass(): Task 2793 with 577682704 instructions added at 11717020
ReadTaskClass(): Task 2794 with 2045777704 instructions added at 11717655
ReadTaskClass(): Task 2795 with 1870110704 instructions added at 11719909
ReadTaskClass(): Task 2796 with 2157666704 instructions added at 11721357
ReadTaskClass(): Task 2797 with 3151281704 instructions added at 11721563
ReadTaskClass(): Task 2798 with 3724352704 instructions added at 11721659
ReadTaskClass(): Task 2799 with 491570704 instructions added at 11721812
ReadTaskClass(): Task 2800 with 243590704 instructions added at 11722236
ReadTaskClass(): Task 2801 with 4224287000 instructions added at 11722597
ReadTaskClass(): Task 2802 with 2124174704 instructions added at 11722678
ReadTaskClass(): Task 2803 with 1585030704 instructions added at 11724635
ReadTaskClass(): Task 2804 with 2802923704 instructions added at 11725378
ReadTaskClass(): Task 2805 with 1549735704 instructions added at 11725824
ReadTaskClass(): Task 2806 with 1645924704 instructions added at 11725863
ReadTaskClass(): Task 2807 with 551571704 instructions added at 11726583
ReadTaskClass(): Task 2808 with 651246704 instructions added at 11726607
ReadTaskClass(): Task 2809 with 3253984704 instructions added at 11727532
ReadTaskClass(): Task 2810 with 2006659704 instructions added at 11727903
ReadTaskClass(): Task 2811 with 1429878704 instructions added at 11728435
ReadTaskClass(): Task 2812 with 688984704 instructions added at 11731431
ReadTaskClass(): Task 2813 with 795498704 instructions added at 11731551
ReadTaskClass(): Task 2814 with 2005496704 instructions added at 11735058
ReadTaskClass(): Task 2815 with 2565675704 instructions added at 11735584
ReadTaskClass(): Task 2816 with 993122704 instructions added at 11739752
ReadTaskClass(): Task 2817 with 938723704 instructions added at 11739926
ReadTaskClass(): Task 2818 with 3735429704 instructions added at 11740631
ReadTaskClass(): Task 2819 with 2548432704 instructions added at 11741081
ReadTaskClass(): Task 2820 with 889718704 instructions added at 11741119
ReadTaskClass(): Task 2821 with 1090699704 instructions added at 11741460
ReadTaskClass(): Task 2822 with 1435021704 instructions added at 11741466
ReadTaskClass(): Task 2823 with 2781444704 instructions added at 11742956
ReadTaskClass(): Task 2824 with 3566612704 instructions added at 11744112
ReadTaskClass(): Task 2825 with 1604215704 instructions added at 11745152
ReadTaskClass(): Task 2826 with 2548268704 instructions added at 11745872
ReadTaskClass(): Task 2827 with 1093361704 instructions added at 11746929
ReadTaskClass(): Task 2828 with 4066344000 instructions added at 11747810
ReadTaskClass(): Task 2829 with 1902168704 instructions added at 11750676
ReadTaskClass(): Task 2830 with 335166704 instructions added at 11753964
ReadTaskClass(): Task 2831 with 114915704 instructions added at 11754687
ReadTaskClass(): Task 2832 with 1365017704 instructions added at 11755236
ReadTaskClass(): Task 2833 with 2614733704 instructions added at 11756071
ReadTaskClass(): Task 2834 with 4037627000 instructions added at 11757572
ReadTaskClass(): Task 2835 with 3708288704 instructions added at 11757621
ReadTaskClass(): Task 2836 with 1115993704 instructions added at 11758980
ReadTaskClass(): Task 2837 with 441090704 instructions added at 11761955
ReadTaskClass(): Task 2838 with 640460704 instructions added at 11762870
ReadTaskClass(): Task 2839 with 2432348704 instructions added at 11762891
ReadTaskClass(): Task 2840 with 1400284704 instructions added at 11766016
ReadTaskClass(): Task 2841 with 3743746704 instructions added at 11767241
ReadTaskClass(): Task 2842 with 159299704 instructions added at 11769938
ReadTaskClass(): Task 2843 with 3211985704 instructions added at 11770336
ReadTaskClass(): Task 2844 with 3590239704 instructions added at 11770670
ReadTaskClass(): Task 2845 with 1372818704 instructions added at 11770864
ReadTaskClass(): Task 2846 with 3224031704 instructions added at 11771196
ReadTaskClass(): Task 2847 with 4288112000 instructions added at 11772472
ReadTaskClass(): Task 2848 with 1391944704 instructions added at 11772879
ReadTaskClass(): Task 2849 with 943409704 instructions added at 11774496
ReadTaskClass(): Task 2850 with 3962784000 instructions added at 11775627
ReadTaskClass(): Task 2851 with 1562674704 instructions added at 11775702
ReadTaskClass(): Task 2852 with 3592096704 instructions added at 11776982
ReadTaskClass(): Task 2853 with 2301826704 instructions added at 11778749
ReadTaskClass(): Task 2854 with 3132027704 instructions added at 11779895
ReadTaskClass(): Task 2855 with 2319455704 instructions added at 11780530
ReadTaskClass(): Task 2856 with 2785033704 instructions added at 11780587
ReadTaskClass(): Task 2857 with 1231251704 instructions added at 11781589
ReadTaskClass(): Task 2858 with 4241593000 instructions added at 11785139
ReadTaskClass(): Task 2859 with 2870901704 instructions added at 11785701
ReadTaskClass(): Task 2860 with 479748704 instructions added at 11786046
ReadTaskClass(): Task 2861 with 2724909704 instructions added at 11786076
ReadTaskClass(): Task 2862 with 3629522704 instructions added at 11786173
ReadTaskClass(): Task 2863 with 276175704 instructions added at 11788182
ReadTaskClass(): Task 2864 with 419728704 instructions added at 11789063
ReadTaskClass(): Task 2865 with 2107824704 instructions added at 11791202
ReadTaskClass(): Task 2866 with 4072179000 instructions added at 11792021
ReadTaskClass(): Task 2867 with 3131644704 instructions added at 11792206
ReadTaskClass(): Task 2868 with 1298868704 instructions added at 11794322
ReadTaskClass(): Task 2869 with 2643102704 instructions added at 11795342
ReadTaskClass(): Task 2870 with 3492675704 instructions added at 11795359
ReadTaskClass(): Task 2871 with 2219639704 instructions added at 11796405
ReadTaskClass(): Task 2872 with 3996125000 instructions added at 11797444
ReadTaskClass(): Task 2873 with 2952940704 instructions added at 11798163
ReadTaskClass(): Task 2874 with 2370512704 instructions added at 11798294
ReadTaskClass(): Task 2875 with 44254704 instructions added at 11798473
ReadTaskClass(): Task 2876 with 3967379000 instructions added at 11798932
ReadTaskClass(): Task 2877 with 1649208704 instructions added at 11799596
ReadTaskClass(): Task 2878 with 2888789704 instructions added at 11800684
ReadTaskClass(): Task 2879 with 1240135704 instructions added at 11801058
ReadTaskClass(): Task 2880 with 1527650704 instructions added at 11802014
ReadTaskClass(): Task 2881 with 1978446704 instructions added at 11802525
ReadTaskClass(): Task 2882 with 2326235704 instructions added at 11802649
ReadTaskClass(): Task 2883 with 4187871000 instructions added at 11804945
ReadTaskClass(): Task 2884 with 3485339704 instructions added at 11806806
ReadTaskClass(): Task 2885 with 2240778704 instructions added at 11807237
ReadTaskClass(): Task 2886 with 881468704 instructions added at 11809289
ReadTaskClass(): Task 2887 with 2196635704 instructions added at 11810972
ReadTaskClass(): Task 2888 with 2375446704 instructions added at 11813990
ReadTaskClass(): Task 2889 with 1884044704 instructions added at 11815897
ReadTaskClass(): Task 2890 with 2463473704 instructions added at 11816603
ReadTaskClass(): Task 2891 with 1681374704 instructions added at 11816985
ReadTaskClass(): Task 2892 with 4131960000 instructions added at 11817374
ReadTaskClass(): Task 2893 with 3463106704 instructions added at 11818026
ReadTaskClass(): Task 2894 with 3110186704 instructions added at 11820067
ReadTaskClass(): Task 2895 with 200660704 instructions added at 11820988
ReadTaskClass(): Task 2896 with 565931704 instructions added at 11821719
ReadTaskClass(): Task 2897 with 1583328704 instructions added at 11823838
ReadTaskClass(): Task 2898 with 3753041704 instructions added at 11825316
ReadTaskClass(): Task 2899 with 339226704 instructions added at 11826709
ReadTaskClass(): Task 2900 with 2471699704 instructions added at 11827105
ReadTaskClass(): Task 2901 with 1298498704 instructions added at 11829190
ReadTaskClass(): Task 2902 with 3744348704 instructions added at 11829322
ReadTaskClass(): Task 2903 with 2417117704 instructions added at 11831571
ReadTaskClass(): Task 2904 with 894435704 instructions added at 11832220
ReadTaskClass(): Task 2905 with 3746598704 instructions added at 11832506
ReadTaskClass(): Task 2906 with 369897704 instructions added at 11834585
ReadTaskClass(): Task 2907 with 1407645704 instructions added at 11835635
ReadTaskClass(): Task 2908 with 1458542704 instructions added at 11837060
ReadTaskClass(): Task 2909 with 1703075704 instructions added at 11839933
ReadTaskClass(): Task 2910 with 61477704 instructions added at 11842002
ReadTaskClass(): Task 2911 with 2362890704 instructions added at 11843536
ReadTaskClass(): Task 2912 with 147669704 instructions added at 11845911
ReadTaskClass(): Task 2913 with 1885452704 instructions added at 11849337
ReadTaskClass(): Task 2914 with 923278704 instructions added at 11850078
ReadTaskClass(): Task 2915 with 4211050000 instructions added at 11850210
ReadTaskClass(): Task 2916 with 2497399704 instructions added at 11850314
ReadTaskClass(): Task 2917 with 1781054704 instructions added at 11850342
ReadTaskClass(): Task 2918 with 3518352704 instructions added at 11850474
ReadTaskClass(): Task 2919 with 1760031704 instructions added at 11850791
ReadTaskClass(): Task 2920 with 184244704 instructions added at 11851373
ReadTaskClass(): Task 2921 with 1359882704 instructions added at 11851601
ReadTaskClass(): Task 2922 with 2052677704 instructions added at 11852421
ReadTaskClass(): Task 2923 with 2083382704 instructions added at 11852536
ReadTaskClass(): Task 2924 with 532909704 instructions added at 11852709
ReadTaskClass(): Task 2925 with 957878704 instructions added at 11852731
ReadTaskClass(): Task 2926 with 2426388704 instructions added at 11853030
ReadTaskClass(): Task 2927 with 3681902704 instructions added at 11855500
ReadTaskClass(): Task 2928 with 2281126704 instructions added at 11856385
ReadTaskClass(): Task 2929 with 3518490704 instructions added at 11857069
ReadTaskClass(): Task 2930 with 2874391704 instructions added at 11858789
ReadTaskClass(): Task 2931 with 1782486704 instructions added at 11858924
ReadTaskClass(): Task 2932 with 2617742704 instructions added at 11859536
ReadTaskClass(): Task 2933 with 2659323704 instructions added at 11860558
ReadTaskClass(): Task 2934 with 2032386704 instructions added at 11862098
ReadTaskClass(): Task 2935 with 51308704 instructions added at 11863872
ReadTaskClass(): Task 2936 with 3267543704 instructions added at 11864875
ReadTaskClass(): Task 2937 with 1776941704 instructions added at 11865360
ReadTaskClass(): Task 2938 with 2520187704 instructions added at 11867325
ReadTaskClass(): Task 2939 with 941229704 instructions added at 11868304
ReadTaskClass(): Task 2940 with 2629319704 instructions added at 11871606
ReadTaskClass(): Task 2941 with 630757704 instructions added at 11871974
ReadTaskClass(): Task 2942 with 1497490704 instructions added at 11874492
ReadTaskClass(): Task 2943 with 1801168704 instructions added at 11875133
ReadTaskClass(): Task 2944 with 1740889704 instructions added at 11875405
ReadTaskClass(): Task 2945 with 400780704 instructions added at 11875632
ReadTaskClass(): Task 2946 with 4151820000 instructions added at 11876232
ReadTaskClass(): Task 2947 with 3935538000 instructions added at 11877391
ReadTaskClass(): Task 2948 with 1597557704 instructions added at 11879212
ReadTaskClass(): Task 2949 with 3951440000 instructions added at 11881215
ReadTaskClass(): Task 2950 with 2332824704 instructions added at 11882362
ReadTaskClass(): Task 2951 with 2427515704 instructions added at 11882838
ReadTaskClass(): Task 2952 with 408420704 instructions added at 11884376
ReadTaskClass(): Task 2953 with 2410931704 instructions added at 11884828
ReadTaskClass(): Task 2954 with 3329512704 instructions added at 11884887
ReadTaskClass(): Task 2955 with 2155645704 instructions added at 11885415
ReadTaskClass(): Task 2956 with 3285760704 instructions added at 11885737
ReadTaskClass(): Task 2957 with 1305462704 instructions added at 11886327
ReadTaskClass(): Task 2958 with 679487704 instructions added at 11886454
ReadTaskClass(): Task 2959 with 341535704 instructions added at 11887967
ReadTaskClass(): Task 2960 with 362142704 instructions added at 11888141
ReadTaskClass(): Task 2961 with 1920344704 instructions added at 11888868
ReadTaskClass(): Task 2962 with 2693794704 instructions added at 11889534
ReadTaskClass(): Task 2963 with 3472299704 instructions added at 11890321
ReadTaskClass(): Task 2964 with 350793704 instructions added at 11890441
ReadTaskClass(): Task 2965 with 343925704 instructions added at 11892425
ReadTaskClass(): Task 2966 with 1457778704 instructions added at 11892712
ReadTaskClass(): Task 2967 with 1523162704 instructions added at 11893084
ReadTaskClass(): Task 2968 with 764732704 instructions added at 11895398
ReadTaskClass(): Task 2969 with 135431704 instructions added at 11895830
ReadTaskClass(): Task 2970 with 4275181000 instructions added at 11896674
ReadTaskClass(): Task 2971 with 4000029000 instructions added at 11897166
ReadTaskClass(): Task 2972 with 4154201000 instructions added at 11898800
ReadTaskClass(): Task 2973 with 1952196704 instructions added at 11899729
ReadTaskClass(): Task 2974 with 1495895704 instructions added at 11900073
ReadTaskClass(): Task 2975 with 1312851704 instructions added at 11902564
ReadTaskClass(): Task 2976 with 296516704 instructions added at 11903227
ReadTaskClass(): Task 2977 with 3021627704 instructions added at 11903478
ReadTaskClass(): Task 2978 with 1449384704 instructions added at 11904310
ReadTaskClass(): Task 2979 with 588179704 instructions added at 11911733
ReadTaskClass(): Task 2980 with 2863743704 instructions added at 11911845
ReadTaskClass(): Task 2981 with 636431704 instructions added at 11912088
ReadTaskClass(): Task 2982 with 2515827704 instructions added at 11912668
ReadTaskClass(): Task 2983 with 2268752704 instructions added at 11912847
ReadTaskClass(): Task 2984 with 898260704 instructions added at 11913742
ReadTaskClass(): Task 2985 with 654069704 instructions added at 11916347
ReadTaskClass(): Task 2986 with 3498125704 instructions added at 11916486
ReadTaskClass(): Task 2987 with 1511277704 instructions added at 11917309
ReadTaskClass(): Task 2988 with 874878704 instructions added at 11917750
ReadTaskClass(): Task 2989 with 2497649704 instructions added at 11919226
ReadTaskClass(): Task 2990 with 3968926000 instructions added at 11919242
ReadTaskClass(): Task 2991 with 3666787704 instructions added at 11919364
ReadTaskClass(): Task 2992 with 1405533704 instructions added at 11923780
ReadTaskClass(): Task 2993 with 2242033704 instructions added at 11924904
ReadTaskClass(): Task 2994 with 1992396704 instructions added at 11924998
ReadTaskClass(): Task 2995 with 2359079704 instructions added at 11925003
ReadTaskClass(): Task 2996 with 1739565704 instructions added at 11925021
ReadTaskClass(): Task 2997 with 708266704 instructions added at 11925251
ReadTaskClass(): Task 2998 with 3059987704 instructions added at 11928168
ReadTaskClass(): Task 2999 with 179276704 instructions added at 11928451
ReadTaskClass(): Task 3000 with 3021248704 instructions added at 11929528
ReadTaskClass(): Task 3001 with 1876155704 instructions added at 11930534
ReadTaskClass(): Task 3002 with 544327704 instructions added at 11930764
ReadTaskClass(): Task 3003 with 1938574704 instructions added at 11935854
ReadTaskClass(): Task 3004 with 4157777000 instructions added at 11937350
ReadTaskClass(): Task 3005 with 152092704 instructions added at 11937755
ReadTaskClass(): Task 3006 with 2811281704 instructions added at 11938023
ReadTaskClass(): Task 3007 with 2641495704 instructions added at 11938583
ReadTaskClass(): Task 3008 with 2204859704 instructions added at 11939480
ReadTaskClass(): Task 3009 with 3060476704 instructions added at 11940968
ReadTaskClass(): Task 3010 with 4168333000 instructions added at 11941416
ReadTaskClass(): Task 3011 with 3254259704 instructions added at 11941750
ReadTaskClass(): Task 3012 with 1946468704 instructions added at 11941975
ReadTaskClass(): Task 3013 with 112521704 instructions added at 11942128
ReadTaskClass(): Task 3014 with 4023171000 instructions added at 11943553
ReadTaskClass(): Task 3015 with 2846704704 instructions added at 11946531
ReadTaskClass(): Task 3016 with 1337626704 instructions added at 11950477
ReadTaskClass(): Task 3017 with 4139293000 instructions added at 11951086
ReadTaskClass(): Task 3018 with 4207522000 instructions added at 11951625
ReadTaskClass(): Task 3019 with 1312804704 instructions added at 11951742
ReadTaskClass(): Task 3020 with 623071704 instructions added at 11952138
ReadTaskClass(): Task 3021 with 3229425704 instructions added at 11952295
ReadTaskClass(): Task 3022 with 3716659704 instructions added at 11952734
ReadTaskClass(): Task 3023 with 2428884704 instructions added at 11952761
ReadTaskClass(): Task 3024 with 3446847704 instructions added at 11953398
ReadTaskClass(): Task 3025 with 2826745704 instructions added at 11954304
ReadTaskClass(): Task 3026 with 2288089704 instructions added at 11955346
ReadTaskClass(): Task 3027 with 4231123000 instructions added at 11956392
ReadTaskClass(): Task 3028 with 3638061704 instructions added at 11956588
ReadTaskClass(): Task 3029 with 602692704 instructions added at 11958281
ReadTaskClass(): Task 3030 with 75165704 instructions added at 11961341
ReadTaskClass(): Task 3031 with 4034421000 instructions added at 11962538
ReadTaskClass(): Task 3032 with 649299704 instructions added at 11962744
ReadTaskClass(): Task 3033 with 49843704 instructions added at 11965494
ReadTaskClass(): Task 3034 with 150859704 instructions added at 11966438
ReadTaskClass(): Task 3035 with 1496993704 instructions added at 11969092
ReadTaskClass(): Task 3036 with 2013743704 instructions added at 11970070
ReadTaskClass(): Task 3037 with 2141395704 instructions added at 11973403
ReadTaskClass(): Task 3038 with 2830417704 instructions added at 11974018
ReadTaskClass(): Task 3039 with 1484296704 instructions added at 11974090
ReadTaskClass(): Task 3040 with 3196598704 instructions added at 11976015
ReadTaskClass(): Task 3041 with 676141704 instructions added at 11976369
ReadTaskClass(): Task 3042 with 555105704 instructions added at 11978227
ReadTaskClass(): Task 3043 with 1178645704 instructions added at 11979042
ReadTaskClass(): Task 3044 with 2108639704 instructions added at 11980194
ReadTaskClass(): Task 3045 with 3080886704 instructions added at 11981367
ReadTaskClass(): Task 3046 with 2646835704 instructions added at 11981514
ReadTaskClass(): Task 3047 with 4088381000 instructions added at 11983182
ReadTaskClass(): Task 3048 with 273891704 instructions added at 11983283
ReadTaskClass(): Task 3049 with 3367385704 instructions added at 11985420
ReadTaskClass(): Task 3050 with 111112704 instructions added at 11985883
ReadTaskClass(): Task 3051 with 1111433704 instructions added at 11989421
ReadTaskClass(): Task 3052 with 3536248704 instructions added at 11992047
ReadTaskClass(): Task 3053 with 4035388000 instructions added at 11992980
ReadTaskClass(): Task 3054 with 1008489704 instructions added at 11993451
ReadTaskClass(): Task 3055 with 1366491704 instructions added at 11993816
ReadTaskClass(): Task 3056 with 1535167704 instructions added at 11997189
ReadTaskClass(): Task 3057 with 2402866704 instructions added at 11997541
ReadTaskClass(): Task 3058 with 1555590704 instructions added at 11997606
ReadTaskClass(): Task 3059 with 4279583000 instructions added at 11998130
ReadTaskClass(): Task 3060 with 2561540704 instructions added at 11999418
ReadTaskClass(): Task 3061 with 1054959704 instructions added at 11999769
ReadTaskClass(): Task 3062 with 3068161704 instructions added at 12000041
ReadTaskClass(): Task 3063 with 2673823704 instructions added at 12000377
ReadTaskClass(): Task 3064 with 3172508704 instructions added at 12001914
ReadTaskClass(): Task 3065 with 1458117704 instructions added at 12002996
ReadTaskClass(): Task 3066 with 838698704 instructions added at 12003043
ReadTaskClass(): Task 3067 with 895558704 instructions added at 12003187
ReadTaskClass(): Task 3068 with 2923463704 instructions added at 12003400
ReadTaskClass(): Task 3069 with 774723704 instructions added at 12007668
ReadTaskClass(): Task 3070 with 3611895704 instructions added at 12008054
ReadTaskClass(): Task 3071 with 2749079704 instructions added at 12008080
ReadTaskClass(): Task 3072 with 474736704 instructions added at 12008540
ReadTaskClass(): Task 3073 with 676444704 instructions added at 12012336
ReadTaskClass(): Task 3074 with 2667485704 instructions added at 12013607
ReadTaskClass(): Task 3075 with 919278704 instructions added at 12013798
ReadTaskClass(): Task 3076 with 3694453704 instructions added at 12013857
ReadTaskClass(): Task 3077 with 1490842704 instructions added at 12014876
ReadTaskClass(): Task 3078 with 899038704 instructions added at 12015476
ReadTaskClass(): Task 3079 with 1589621704 instructions added at 12017047
ReadTaskClass(): Task 3080 with 487199704 instructions added at 12017646
ReadTaskClass(): Task 3081 with 1727736704 instructions added at 12019572
ReadTaskClass(): Task 3082 with 2264801704 instructions added at 12021154
ReadTaskClass(): Task 3083 with 3290912704 instructions added at 12021377
ReadTaskClass(): Task 3084 with 3068564704 instructions added at 12022718
ReadTaskClass(): Task 3085 with 921353704 instructions added at 12023266
ReadTaskClass(): Task 3086 with 2479460704 instructions added at 12024287
ReadTaskClass(): Task 3087 with 2370684704 instructions added at 12025440
ReadTaskClass(): Task 3088 with 4247283000 instructions added at 12025642
ReadTaskClass(): Task 3089 with 1622664704 instructions added at 12026308
ReadTaskClass(): Task 3090 with 4146730000 instructions added at 12028255
ReadTaskClass(): Task 3091 with 2456818704 instructions added at 12028690
ReadTaskClass(): Task 3092 with 3948864000 instructions added at 12029211
ReadTaskClass(): Task 3093 with 4163398000 instructions added at 12030132
ReadTaskClass(): Task 3094 with 421753704 instructions added at 12030266
ReadTaskClass(): Task 3095 with 1728552704 instructions added at 12030320
ReadTaskClass(): Task 3096 with 1348389704 instructions added at 12031385
ReadTaskClass(): Task 3097 with 2371741704 instructions added at 12031643
ReadTaskClass(): Task 3098 with 954031704 instructions added at 12032062
ReadTaskClass(): Task 3099 with 19168704 instructions added at 12032829
ReadTaskClass(): Task 3100 with 2915987704 instructions added at 12032898
ReadTaskClass(): Task 3101 with 321365704 instructions added at 12033244
ReadTaskClass(): Task 3102 with 1910128704 instructions added at 12035634
ReadTaskClass(): Task 3103 with 750951704 instructions added at 12036984
ReadTaskClass(): Task 3104 with 2139851704 instructions added at 12038286
ReadTaskClass(): Task 3105 with 1236889704 instructions added at 12039432
ReadTaskClass(): Task 3106 with 730240704 instructions added at 12040958
ReadTaskClass(): Task 3107 with 539132704 instructions added at 12041164
ReadTaskClass(): Task 3108 with 2918360704 instructions added at 12042575
ReadTaskClass(): Task 3109 with 929655704 instructions added at 12044731
ReadTaskClass(): Task 3110 with 2624360704 instructions added at 12045775
ReadTaskClass(): Task 3111 with 2576670704 instructions added at 12046697
ReadTaskClass(): Task 3112 with 1748404704 instructions added at 12049061
ReadTaskClass(): Task 3113 with 879221704 instructions added at 12049766
ReadTaskClass(): Task 3114 with 668521704 instructions added at 12052418
ReadTaskClass(): Task 3115 with 3036668704 instructions added at 12054579
ReadTaskClass(): Task 3116 with 2240278704 instructions added at 12056114
ReadTaskClass(): Task 3117 with 3394936704 instructions added at 12058073
ReadTaskClass(): Task 3118 with 2949859704 instructions added at 12059760
ReadTaskClass(): Task 3119 with 2423118704 instructions added at 12060503
ReadTaskClass(): Task 3120 with 3451093704 instructions added at 12062394
ReadTaskClass(): Task 3121 with 1241069704 instructions added at 12064224
ReadTaskClass(): Task 3122 with 3307508704 instructions added at 12069769
ReadTaskClass(): Task 3123 with 1959503704 instructions added at 12070996
ReadTaskClass(): Task 3124 with 1810536704 instructions added at 12074019
ReadTaskClass(): Task 3125 with 2516430704 instructions added at 12074487
ReadTaskClass(): Task 3126 with 873359704 instructions added at 12075025
ReadTaskClass(): Task 3127 with 123279704 instructions added at 12079027
ReadTaskClass(): Task 3128 with 1838591704 instructions added at 12083693
ReadTaskClass(): Task 3129 with 77523704 instructions added at 12085040
ReadTaskClass(): Task 3130 with 1055105704 instructions added at 12086010
ReadTaskClass(): Task 3131 with 2498245704 instructions added at 12086287
ReadTaskClass(): Task 3132 with 4183964000 instructions added at 12086454
ReadTaskClass(): Task 3133 with 320305704 instructions added at 12086757
ReadTaskClass(): Task 3134 with 1962566704 instructions added at 12089048
ReadTaskClass(): Task 3135 with 3439854704 instructions added at 12090659
ReadTaskClass(): Task 3136 with 4003283000 instructions added at 12091250
ReadTaskClass(): Task 3137 with 3192593704 instructions added at 12091398
ReadTaskClass(): Task 3138 with 2301465704 instructions added at 12091474
ReadTaskClass(): Task 3139 with 712207704 instructions added at 12092542
ReadTaskClass(): Task 3140 with 1820811704 instructions added at 12092780
ReadTaskClass(): Task 3141 with 498898704 instructions added at 12092790
ReadTaskClass(): Task 3142 with 1299977704 instructions added at 12094915
ReadTaskClass(): Task 3143 with 3043691704 instructions added at 12095229
ReadTaskClass(): Task 3144 with 1508204704 instructions added at 12095233
ReadTaskClass(): Task 3145 with 2528075704 instructions added at 12096520
ReadTaskClass(): Task 3146 with 2943354704 instructions added at 12097340
ReadTaskClass(): Task 3147 with 9860704 instructions added at 12098915
ReadTaskClass(): Task 3148 with 4087697000 instructions added at 12100209
ReadTaskClass(): Task 3149 with 2303046704 instructions added at 12101257
ReadTaskClass(): Task 3150 with 3725511704 instructions added at 12101288
ReadTaskClass(): Task 3151 with 1923887704 instructions added at 12101948
ReadTaskClass(): Task 3152 with 1508686704 instructions added at 12103234
ReadTaskClass(): Task 3153 with 295691704 instructions added at 12103489
ReadTaskClass(): Task 3154 with 753838704 instructions added at 12103948
ReadTaskClass(): Task 3155 with 4166431000 instructions added at 12104128
ReadTaskClass(): Task 3156 with 3590214704 instructions added at 12104668
ReadTaskClass(): Task 3157 with 2909105704 instructions added at 12105322
ReadTaskClass(): Task 3158 with 1143686704 instructions added at 12105840
ReadTaskClass(): Task 3159 with 1117016704 instructions added at 12107106
ReadTaskClass(): Task 3160 with 3628156704 instructions added at 12108357
ReadTaskClass(): Task 3161 with 710663704 instructions added at 12108434
ReadTaskClass(): Task 3162 with 1662222704 instructions added at 12112005
ReadTaskClass(): Task 3163 with 2135456704 instructions added at 12112106
ReadTaskClass(): Task 3164 with 1221013704 instructions added at 12112143
ReadTaskClass(): Task 3165 with 2634684704 instructions added at 12112542
ReadTaskClass(): Task 3166 with 194709704 instructions added at 12113118
ReadTaskClass(): Task 3167 with 3729293704 instructions added at 12116084
ReadTaskClass(): Task 3168 with 793704704 instructions added at 12116100
ReadTaskClass(): Task 3169 with 199735704 instructions added at 12118559
ReadTaskClass(): Task 3170 with 3984388000 instructions added at 12119303
ReadTaskClass(): Task 3171 with 2978469704 instructions added at 12120525
ReadTaskClass(): Task 3172 with 2033510704 instructions added at 12120789
ReadTaskClass(): Task 3173 with 1689836704 instructions added at 12121367
ReadTaskClass(): Task 3174 with 35598704 instructions added at 12124554
ReadTaskClass(): Task 3175 with 2773224704 instructions added at 12125458
ReadTaskClass(): Task 3176 with 467986704 instructions added at 12127110
ReadTaskClass(): Task 3177 with 2620529704 instructions added at 12127518
ReadTaskClass(): Task 3178 with 1961877704 instructions added at 12129398
ReadTaskClass(): Task 3179 with 1003057704 instructions added at 12130194
ReadTaskClass(): Task 3180 with 4034202000 instructions added at 12130726
ReadTaskClass(): Task 3181 with 3345941704 instructions added at 12131653
ReadTaskClass(): Task 3182 with 2042524704 instructions added at 12132032
ReadTaskClass(): Task 3183 with 1072260704 instructions added at 12132325
ReadTaskClass(): Task 3184 with 4070666000 instructions added at 12133952
ReadTaskClass(): Task 3185 with 791139704 instructions added at 12134577
ReadTaskClass(): Task 3186 with 2677200704 instructions added at 12135208
ReadTaskClass(): Task 3187 with 3365624704 instructions added at 12135672
ReadTaskClass(): Task 3188 with 1821157704 instructions added at 12136153
ReadTaskClass(): Task 3189 with 1277298704 instructions added at 12136431
ReadTaskClass(): Task 3190 with 94201704 instructions added at 12137504
ReadTaskClass(): Task 3191 with 3324320704 instructions added at 12137827
ReadTaskClass(): Task 3192 with 3542954704 instructions added at 12138555
ReadTaskClass(): Task 3193 with 425554704 instructions added at 12138852
ReadTaskClass(): Task 3194 with 1321819704 instructions added at 12139706
ReadTaskClass(): Task 3195 with 1366769704 instructions added at 12139936
ReadTaskClass(): Task 3196 with 2285362704 instructions added at 12143662
ReadTaskClass(): Task 3197 with 352894704 instructions added at 12145787
ReadTaskClass(): Task 3198 with 4020037000 instructions added at 12146572
ReadTaskClass(): Task 3199 with 2999102704 instructions added at 12148771
ReadTaskClass(): Task 3200 with 1073595704 instructions added at 12148817
ReadTaskClass(): Task 3201 with 900742704 instructions added at 12149012
ReadTaskClass(): Task 3202 with 2824188704 instructions added at 12149886
ReadTaskClass(): Task 3203 with 1770454704 instructions added at 12150285
ReadTaskClass(): Task 3204 with 3732752704 instructions added at 12150465
ReadTaskClass(): Task 3205 with 754309704 instructions added at 12150625
ReadTaskClass(): Task 3206 with 1857619704 instructions added at 12153948
ReadTaskClass(): Task 3207 with 1413721704 instructions added at 12154048
ReadTaskClass(): Task 3208 with 823160704 instructions added at 12154636
ReadTaskClass(): Task 3209 with 685974704 instructions added at 12156671
ReadTaskClass(): Task 3210 with 112785704 instructions added at 12156868
ReadTaskClass(): Task 3211 with 2032067704 instructions added at 12157020
ReadTaskClass(): Task 3212 with 579063704 instructions added at 12157102
ReadTaskClass(): Task 3213 with 1881974704 instructions added at 12157251
ReadTaskClass(): Task 3214 with 2563295704 instructions added at 12160914
ReadTaskClass(): Task 3215 with 2064595704 instructions added at 12161216
ReadTaskClass(): Task 3216 with 3196391704 instructions added at 12161672
ReadTaskClass(): Task 3217 with 3757604704 instructions added at 12162840
ReadTaskClass(): Task 3218 with 2213930704 instructions added at 12163807
ReadTaskClass(): Task 3219 with 1626773704 instructions added at 12164452
ReadTaskClass(): Task 3220 with 1964604704 instructions added at 12166445
ReadTaskClass(): Task 3221 with 1435510704 instructions added at 12168930
ReadTaskClass(): Task 3222 with 3463084704 instructions added at 12168947
ReadTaskClass(): Task 3223 with 3984953000 instructions added at 12169739
ReadTaskClass(): Task 3224 with 1693781704 instructions added at 12176900
ReadTaskClass(): Task 3225 with 2928277704 instructions added at 12177130
ReadTaskClass(): Task 3226 with 1666134704 instructions added at 12178769
ReadTaskClass(): Task 3227 with 2635978704 instructions added at 12179025
ReadTaskClass(): Task 3228 with 2540128704 instructions added at 12179618
ReadTaskClass(): Task 3229 with 3481579704 instructions added at 12180889
ReadTaskClass(): Task 3230 with 3731758704 instructions added at 12181672
ReadTaskClass(): Task 3231 with 245175704 instructions added at 12181737
ReadTaskClass(): Task 3232 with 1183824704 instructions added at 12181886
ReadTaskClass(): Task 3233 with 170415704 instructions added at 12182870
ReadTaskClass(): Task 3234 with 1038498704 instructions added at 12183187
ReadTaskClass(): Task 3235 with 2411274704 instructions added at 12183858
ReadTaskClass(): Task 3236 with 3073734704 instructions added at 12185135
ReadTaskClass(): Task 3237 with 2216423704 instructions added at 12185848
ReadTaskClass(): Task 3238 with 3954378000 instructions added at 12186771
ReadTaskClass(): Task 3239 with 2038243704 instructions added at 12187461
ReadTaskClass(): Task 3240 with 1733094704 instructions added at 12188669
ReadTaskClass(): Task 3241 with 1539126704 instructions added at 12193251
ReadTaskClass(): Task 3242 with 4186767000 instructions added at 12194118
ReadTaskClass(): Task 3243 with 2090863704 instructions added at 12195393
ReadTaskClass(): Task 3244 with 23326704 instructions added at 12196429
ReadTaskClass(): Task 3245 with 1474734704 instructions added at 12196733
ReadTaskClass(): Task 3246 with 683195704 instructions added at 12197728
ReadTaskClass(): Task 3247 with 682805704 instructions added at 12199013
ReadTaskClass(): Task 3248 with 2372186704 instructions added at 12199742
ReadTaskClass(): Task 3249 with 3713874704 instructions added at 12200050
ReadTaskClass(): Task 3250 with 1238121704 instructions added at 12203338
ReadTaskClass(): Task 3251 with 2601878704 instructions added at 12203344
ReadTaskClass(): Task 3252 with 658348704 instructions added at 12204064
ReadTaskClass(): Task 3253 with 742744704 instructions added at 12204587
ReadTaskClass(): Task 3254 with 3029058704 instructions added at 12204755
ReadTaskClass(): Task 3255 with 3523805704 instructions added at 12206580
ReadTaskClass(): Task 3256 with 3693043704 instructions added at 12207119
ReadTaskClass(): Task 3257 with 3368575704 instructions added at 12207861
ReadTaskClass(): Task 3258 with 1401540704 instructions added at 12210308
ReadTaskClass(): Task 3259 with 4113826000 instructions added at 12210628
ReadTaskClass(): Task 3260 with 163485704 instructions added at 12211730
ReadTaskClass(): Task 3261 with 1204831704 instructions added at 12212130
ReadTaskClass(): Task 3262 with 1825884704 instructions added at 12214061
ReadTaskClass(): Task 3263 with 370404704 instructions added at 12214660
ReadTaskClass(): Task 3264 with 1016468704 instructions added at 12215784
ReadTaskClass(): Task 3265 with 422102704 instructions added at 12216425
ReadTaskClass(): Task 3266 with 3175617704 instructions added at 12220179
ReadTaskClass(): Task 3267 with 3555668704 instructions added at 12221187
ReadTaskClass(): Task 3268 with 931421704 instructions added at 12221882
ReadTaskClass(): Task 3269 with 1201728704 instructions added at 12222074
ReadTaskClass(): Task 3270 with 2984426704 instructions added at 12222598
ReadTaskClass(): Task 3271 with 716005704 instructions added at 12223698
ReadTaskClass(): Task 3272 with 1851498704 instructions added at 12224272
ReadTaskClass(): Task 3273 with 460389704 instructions added at 12224921
ReadTaskClass(): Task 3274 with 3203154704 instructions added at 12225163
ReadTaskClass(): Task 3275 with 3275451704 instructions added at 12225411
ReadTaskClass(): Task 3276 with 880235704 instructions added at 12226651
ReadTaskClass(): Task 3277 with 4053463000 instructions added at 12228169
ReadTaskClass(): Task 3278 with 1946990704 instructions added at 12228320
ReadTaskClass(): Task 3279 with 2440638704 instructions added at 12228925
ReadTaskClass(): Task 3280 with 4037049000 instructions added at 12230723
ReadTaskClass(): Task 3281 with 1630548704 instructions added at 12231645
ReadTaskClass(): Task 3282 with 3117562704 instructions added at 12232289
ReadTaskClass(): Task 3283 with 3605355704 instructions added at 12233096
ReadTaskClass(): Task 3284 with 2678412704 instructions added at 12233271
ReadTaskClass(): Task 3285 with 1613779704 instructions added at 12235377
ReadTaskClass(): Task 3286 with 3534745704 instructions added at 12236018
ReadTaskClass(): Task 3287 with 3119049704 instructions added at 12238090
ReadTaskClass(): Task 3288 with 2844844704 instructions added at 12239022
ReadTaskClass(): Task 3289 with 766035704 instructions added at 12240827
ReadTaskClass(): Task 3290 with 1606998704 instructions added at 12241294
ReadTaskClass(): Task 3291 with 3764943704 instructions added at 12241475
ReadTaskClass(): Task 3292 with 1163322704 instructions added at 12242448
ReadTaskClass(): Task 3293 with 2807158704 instructions added at 12242491
ReadTaskClass(): Task 3294 with 41149704 instructions added at 12243778
ReadTaskClass(): Task 3295 with 3587485704 instructions added at 12244128
ReadTaskClass(): Task 3296 with 4115943000 instructions added at 12244541
ReadTaskClass(): Task 3297 with 2746229704 instructions added at 12245061
ReadTaskClass(): Task 3298 with 2435515704 instructions added at 12247193
ReadTaskClass(): Task 3299 with 3253099704 instructions added at 12247813
ReadTaskClass(): Task 3300 with 1406267704 instructions added at 12249132
ReadTaskClass(): Task 3301 with 3420761704 instructions added at 12249900
ReadTaskClass(): Task 3302 with 3967371000 instructions added at 12250883
ReadTaskClass(): Task 3303 with 2431019704 instructions added at 12254778
ReadTaskClass(): Task 3304 with 226102704 instructions added at 12255250
ReadTaskClass(): Task 3305 with 2365692704 instructions added at 12255583
ReadTaskClass(): Task 3306 with 172515704 instructions added at 12256450
ReadTaskClass(): Task 3307 with 3142124704 instructions added at 12260926
ReadTaskClass(): Task 3308 with 1191013704 instructions added at 12261544
ReadTaskClass(): Task 3309 with 2947453704 instructions added at 12261941
ReadTaskClass(): Task 3310 with 1128368704 instructions added at 12262336
ReadTaskClass(): Task 3311 with 2973542704 instructions added at 12262992
ReadTaskClass(): Task 3312 with 3387396704 instructions added at 12263265
ReadTaskClass(): Task 3313 with 365031704 instructions added at 12264631
ReadTaskClass(): Task 3314 with 4260037000 instructions added at 12264672
ReadTaskClass(): Task 3315 with 2438779704 instructions added at 12265312
ReadTaskClass(): Task 3316 with 2048879704 instructions added at 12266100
ReadTaskClass(): Task 3317 with 889160704 instructions added at 12266416
ReadTaskClass(): Task 3318 with 3543407704 instructions added at 12267007
ReadTaskClass(): Task 3319 with 1625483704 instructions added at 12267171
ReadTaskClass(): Task 3320 with 2153105704 instructions added at 12267758
ReadTaskClass(): Task 3321 with 4262873000 instructions added at 12268661
ReadTaskClass(): Task 3322 with 537744704 instructions added at 12269705
ReadTaskClass(): Task 3323 with 1405154704 instructions added at 12270801
ReadTaskClass(): Task 3324 with 280775704 instructions added at 12272239
ReadTaskClass(): Task 3325 with 1329719704 instructions added at 12273682
ReadTaskClass(): Task 3326 with 1875800704 instructions added at 12273852
ReadTaskClass(): Task 3327 with 3764365704 instructions added at 12274711
ReadTaskClass(): Task 3328 with 601800704 instructions added at 12274960
ReadTaskClass(): Task 3329 with 3324824704 instructions added at 12275800
ReadTaskClass(): Task 3330 with 2503516704 instructions added at 12276554
ReadTaskClass(): Task 3331 with 362550704 instructions added at 12279046
ReadTaskClass(): Task 3332 with 1735857704 instructions added at 12279191
ReadTaskClass(): Task 3333 with 240285704 instructions added at 12279271
ReadTaskClass(): Task 3334 with 333730704 instructions added at 12279386
ReadTaskClass(): Task 3335 with 3269588704 instructions added at 12279769
ReadTaskClass(): Task 3336 with 3324847704 instructions added at 12280702
ReadTaskClass(): Task 3337 with 136002704 instructions added at 12281845
ReadTaskClass(): Task 3338 with 947633704 instructions added at 12283632
ReadTaskClass(): Task 3339 with 1501304704 instructions added at 12284691
ReadTaskClass(): Task 3340 with 208456704 instructions added at 12284975
ReadTaskClass(): Task 3341 with 2405191704 instructions added at 12284987
ReadTaskClass(): Task 3342 with 376551704 instructions added at 12285178
ReadTaskClass(): Task 3343 with 2639506704 instructions added at 12285887
ReadTaskClass(): Task 3344 with 1771116704 instructions added at 12286685
ReadTaskClass(): Task 3345 with 1721322704 instructions added at 12287560
ReadTaskClass(): Task 3346 with 1007089704 instructions added at 12288265
ReadTaskClass(): Task 3347 with 2313518704 instructions added at 12288755
ReadTaskClass(): Task 3348 with 2722477704 instructions added at 12289520
ReadTaskClass(): Task 3349 with 84798704 instructions added at 12290071
ReadTaskClass(): Task 3350 with 429570704 instructions added at 12290727
ReadTaskClass(): Task 3351 with 723640704 instructions added at 12290893
ReadTaskClass(): Task 3352 with 1719616704 instructions added at 12291378
ReadTaskClass(): Task 3353 with 1851061704 instructions added at 12291541
ReadTaskClass(): Task 3354 with 595188704 instructions added at 12294430
ReadTaskClass(): Task 3355 with 2612091704 instructions added at 12294689
ReadTaskClass(): Task 3356 with 1794418704 instructions added at 12296822
ReadTaskClass(): Task 3357 with 2156327704 instructions added at 12297030
ReadTaskClass(): Task 3358 with 1042224704 instructions added at 12298036
ReadTaskClass(): Task 3359 with 1625648704 instructions added at 12298948
ReadTaskClass(): Task 3360 with 1491331704 instructions added at 12299155
ReadTaskClass(): Task 3361 with 3965816000 instructions added at 12299363
ReadTaskClass(): Task 3362 with 2349621704 instructions added at 12299955
ReadTaskClass(): Task 3363 with 1182546704 instructions added at 12301643
ReadTaskClass(): Task 3364 with 348658704 instructions added at 12303045
ReadTaskClass(): Task 3365 with 3723350704 instructions added at 12304103
ReadTaskClass(): Task 3366 with 3056943704 instructions added at 12306155
ReadTaskClass(): Task 3367 with 272917704 instructions added at 12307229
ReadTaskClass(): Task 3368 with 339674704 instructions added at 12308155
ReadTaskClass(): Task 3369 with 3726301704 instructions added at 12308625
ReadTaskClass(): Task 3370 with 3747203704 instructions added at 12308838
ReadTaskClass(): Task 3371 with 693243704 instructions added at 12310205
ReadTaskClass(): Task 3372 with 1719745704 instructions added at 12310334
ReadTaskClass(): Task 3373 with 376396704 instructions added at 12310912
ReadTaskClass(): Task 3374 with 2460820704 instructions added at 12312603
ReadTaskClass(): Task 3375 with 2218603704 instructions added at 12312693
ReadTaskClass(): Task 3376 with 37482704 instructions added at 12314094
ReadTaskClass(): Task 3377 with 1427976704 instructions added at 12314802
ReadTaskClass(): Task 3378 with 2455206704 instructions added at 12319496
ReadTaskClass(): Task 3379 with 3120694704 instructions added at 12321634
ReadTaskClass(): Task 3380 with 2113308704 instructions added at 12322389
ReadTaskClass(): Task 3381 with 204156704 instructions added at 12322578
ReadTaskClass(): Task 3382 with 2444841704 instructions added at 12322683
ReadTaskClass(): Task 3383 with 3197781704 instructions added at 12322684
ReadTaskClass(): Task 3384 with 857359704 instructions added at 12323393
ReadTaskClass(): Task 3385 with 165908704 instructions added at 12323575
ReadTaskClass(): Task 3386 with 2755005704 instructions added at 12325578
ReadTaskClass(): Task 3387 with 1304996704 instructions added at 12326483
ReadTaskClass(): Task 3388 with 1946523704 instructions added at 12327437
ReadTaskClass(): Task 3389 with 3278623704 instructions added at 12327658
ReadTaskClass(): Task 3390 with 2008219704 instructions added at 12327887
ReadTaskClass(): Task 3391 with 1925257704 instructions added at 12327910
ReadTaskClass(): Task 3392 with 2322594704 instructions added at 12328558
ReadTaskClass(): Task 3393 with 22834704 instructions added at 12328828
ReadTaskClass(): Task 3394 with 2294389704 instructions added at 12330761
ReadTaskClass(): Task 3395 with 1516187704 instructions added at 12330977
ReadTaskClass(): Task 3396 with 2494424704 instructions added at 12331026
ReadTaskClass(): Task 3397 with 2799444704 instructions added at 12332182
ReadTaskClass(): Task 3398 with 1085069704 instructions added at 12334328
ReadTaskClass(): Task 3399 with 1756918704 instructions added at 12334910
ReadTaskClass(): Task 3400 with 234168704 instructions added at 12335642
ReadTaskClass(): Task 3401 with 2520716704 instructions added at 12338066
ReadTaskClass(): Task 3402 with 3435636704 instructions added at 12339873
ReadTaskClass(): Task 3403 with 1777497704 instructions added at 12340548
ReadTaskClass(): Task 3404 with 2613075704 instructions added at 12340644
ReadTaskClass(): Task 3405 with 224850704 instructions added at 12341179
ReadTaskClass(): Task 3406 with 1676663704 instructions added at 12341654
ReadTaskClass(): Task 3407 with 1871696704 instructions added at 12341818
ReadTaskClass(): Task 3408 with 1494110704 instructions added at 12341847
ReadTaskClass(): Task 3409 with 1490104704 instructions added at 12343094
ReadTaskClass(): Task 3410 with 2328260704 instructions added at 12344624
ReadTaskClass(): Task 3411 with 2864064704 instructions added at 12345483
ReadTaskClass(): Task 3412 with 2975515704 instructions added at 12345692
ReadTaskClass(): Task 3413 with 3951693000 instructions added at 12346350
ReadTaskClass(): Task 3414 with 2316540704 instructions added at 12347455
ReadTaskClass(): Task 3415 with 188566704 instructions added at 12347745
ReadTaskClass(): Task 3416 with 2074470704 instructions added at 12348480
ReadTaskClass(): Task 3417 with 3748150704 instructions added at 12349112
ReadTaskClass(): Task 3418 with 335953704 instructions added at 12349393
ReadTaskClass(): Task 3419 with 2561712704 instructions added at 12349696
ReadTaskClass(): Task 3420 with 2558815704 instructions added at 12349900
ReadTaskClass(): Task 3421 with 1975482704 instructions added at 12353699
ReadTaskClass(): Task 3422 with 3736880704 instructions added at 12353957
ReadTaskClass(): Task 3423 with 2404786704 instructions added at 12353967
ReadTaskClass(): Task 3424 with 3959499000 instructions added at 12354695
ReadTaskClass(): Task 3425 with 2779273704 instructions added at 12355027
ReadTaskClass(): Task 3426 with 120658704 instructions added at 12355346
ReadTaskClass(): Task 3427 with 2039752704 instructions added at 12355422
ReadTaskClass(): Task 3428 with 3035345704 instructions added at 12357178
ReadTaskClass(): Task 3429 with 2888356704 instructions added at 12358055
ReadTaskClass(): Task 3430 with 1441395704 instructions added at 12359525
ReadTaskClass(): Task 3431 with 3727579704 instructions added at 12360088
ReadTaskClass(): Task 3432 with 1200254704 instructions added at 12360689
ReadTaskClass(): Task 3433 with 3744902704 instructions added at 12363253
ReadTaskClass(): Task 3434 with 2067036704 instructions added at 12365165
ReadTaskClass(): Task 3435 with 2095111704 instructions added at 12365789
ReadTaskClass(): Task 3436 with 1754804704 instructions added at 12365822
ReadTaskClass(): Task 3437 with 1626527704 instructions added at 12366169
ReadTaskClass(): Task 3438 with 2452719704 instructions added at 12367709
ReadTaskClass(): Task 3439 with 1369480704 instructions added at 12368605
ReadTaskClass(): Task 3440 with 494131704 instructions added at 12368743
ReadTaskClass(): Task 3441 with 2236897704 instructions added at 12369527
ReadTaskClass(): Task 3442 with 1047132704 instructions added at 12372142
ReadTaskClass(): Task 3443 with 3384664704 instructions added at 12373334
ReadTaskClass(): Task 3444 with 1301839704 instructions added at 12373914
ReadTaskClass(): Task 3445 with 1666216704 instructions added at 12373928
ReadTaskClass(): Task 3446 with 1425908704 instructions added at 12374161
ReadTaskClass(): Task 3447 with 1707192704 instructions added at 12376021
ReadTaskClass(): Task 3448 with 3021366704 instructions added at 12380180
ReadTaskClass(): Task 3449 with 1396421704 instructions added at 12381241
ReadTaskClass(): Task 3450 with 159731704 instructions added at 12381873
ReadTaskClass(): Task 3451 with 1261863704 instructions added at 12382063
ReadTaskClass(): Task 3452 with 3758496704 instructions added at 12382149
ReadTaskClass(): Task 3453 with 3054858704 instructions added at 12384998
ReadTaskClass(): Task 3454 with 315478704 instructions added at 12385269
ReadTaskClass(): Task 3455 with 2751289704 instructions added at 12385321
ReadTaskClass(): Task 3456 with 355081704 instructions added at 12386799
ReadTaskClass(): Task 3457 with 929173704 instructions added at 12386834
ReadTaskClass(): Task 3458 with 3656134704 instructions added at 12389944
ReadTaskClass(): Task 3459 with 4198857000 instructions added at 12390543
ReadTaskClass(): Task 3460 with 2360824704 instructions added at 12390781
ReadTaskClass(): Task 3461 with 1944542704 instructions added at 12391412
ReadTaskClass(): Task 3462 with 3185651704 instructions added at 12391873
ReadTaskClass(): Task 3463 with 3467625704 instructions added at 12392243
ReadTaskClass(): Task 3464 with 2291660704 instructions added at 12393057
ReadTaskClass(): Task 3465 with 1713849704 instructions added at 12393379
ReadTaskClass(): Task 3466 with 1876228704 instructions added at 12394355
ReadTaskClass(): Task 3467 with 4284117000 instructions added at 12395763
ReadTaskClass(): Task 3468 with 2947931704 instructions added at 12396534
ReadTaskClass(): Task 3469 with 3716324704 instructions added at 12398305
ReadTaskClass(): Task 3470 with 513541704 instructions added at 12398986
ReadTaskClass(): Task 3471 with 202731704 instructions added at 12399185
ReadTaskClass(): Task 3472 with 3662167704 instructions added at 12399729
ReadTaskClass(): Task 3473 with 4149702000 instructions added at 12399815
ReadTaskClass(): Task 3474 with 929216704 instructions added at 12400469
ReadTaskClass(): Task 3475 with 2577892704 instructions added at 12400486
ReadTaskClass(): Task 3476 with 1051622704 instructions added at 12402081
ReadTaskClass(): Task 3477 with 3005592704 instructions added at 12402514
ReadTaskClass(): Task 3478 with 4054656000 instructions added at 12403112
ReadTaskClass(): Task 3479 with 2172771704 instructions added at 12404785
ReadTaskClass(): Task 3480 with 2481241704 instructions added at 12405617
ReadTaskClass(): Task 3481 with 510991704 instructions added at 12409183
ReadTaskClass(): Task 3482 with 793849704 instructions added at 12410053
ReadTaskClass(): Task 3483 with 1714366704 instructions added at 12410303
ReadTaskClass(): Task 3484 with 3380268704 instructions added at 12410364
ReadTaskClass(): Task 3485 with 1855377704 instructions added at 12413608
ReadTaskClass(): Task 3486 with 2626535704 instructions added at 12414165
ReadTaskClass(): Task 3487 with 220701704 instructions added at 12415655
ReadTaskClass(): Task 3488 with 3261598704 instructions added at 12415846
ReadTaskClass(): Task 3489 with 822542704 instructions added at 12416583
ReadTaskClass(): Task 3490 with 2628360704 instructions added at 12416643
ReadTaskClass(): Task 3491 with 348699704 instructions added at 12417913
ReadTaskClass(): Task 3492 with 3354554704 instructions added at 12419260
ReadTaskClass(): Task 3493 with 2118641704 instructions added at 12419475
ReadTaskClass(): Task 3494 with 437615704 instructions added at 12420789
ReadTaskClass(): Task 3495 with 3659397704 instructions added at 12422361
ReadTaskClass(): Task 3496 with 4155269000 instructions added at 12422434
ReadTaskClass(): Task 3497 with 3115278704 instructions added at 12422987
ReadTaskClass(): Task 3498 with 3973915000 instructions added at 12423968
ReadTaskClass(): Task 3499 with 4131341000 instructions added at 12424003
ReadTaskClass(): Task 3500 with 1111571704 instructions added at 12424216
ReadTaskClass(): Task 3501 with 4038792000 instructions added at 12424971
ReadTaskClass(): Task 3502 with 4220475000 instructions added at 12426891
ReadTaskClass(): Task 3503 with 446752704 instructions added at 12428103
ReadTaskClass(): Task 3504 with 4256014000 instructions added at 12428215
ReadTaskClass(): Task 3505 with 1228966704 instructions added at 12429623
ReadTaskClass(): Task 3506 with 497403704 instructions added at 12430525
ReadTaskClass(): Task 3507 with 1006575704 instructions added at 12430905
ReadTaskClass(): Task 3508 with 4217244000 instructions added at 12433670
ReadTaskClass(): Task 3509 with 18972704 instructions added at 12434899
ReadTaskClass(): Task 3510 with 2411415704 instructions added at 12437333
ReadTaskClass(): Task 3511 with 430280704 instructions added at 12440824
ReadTaskClass(): Task 3512 with 2279303704 instructions added at 12441005
ReadTaskClass(): Task 3513 with 4184274000 instructions added at 12441231
ReadTaskClass(): Task 3514 with 2103923704 instructions added at 12441347
ReadTaskClass(): Task 3515 with 3521057704 instructions added at 12441406
ReadTaskClass(): Task 3516 with 553634704 instructions added at 12443186
ReadTaskClass(): Task 3517 with 2857571704 instructions added at 12444839
ReadTaskClass(): Task 3518 with 2635842704 instructions added at 12445536
ReadTaskClass(): Task 3519 with 3267757704 instructions added at 12446840
ReadTaskClass(): Task 3520 with 1521646704 instructions added at 12448650
ReadTaskClass(): Task 3521 with 2023442704 instructions added at 12449948
ReadTaskClass(): Task 3522 with 1396202704 instructions added at 12450309
ReadTaskClass(): Task 3523 with 3014760704 instructions added at 12451626
ReadTaskClass(): Task 3524 with 250175704 instructions added at 12452672
ReadTaskClass(): Task 3525 with 2559210704 instructions added at 12454139
ReadTaskClass(): Task 3526 with 1761087704 instructions added at 12455381
ReadTaskClass(): Task 3527 with 598260704 instructions added at 12456075
ReadTaskClass(): Task 3528 with 1204199704 instructions added at 12456078
ReadTaskClass(): Task 3529 with 3279342704 instructions added at 12456619
ReadTaskClass(): Task 3530 with 1128073704 instructions added at 12456891
ReadTaskClass(): Task 3531 with 4130240000 instructions added at 12458082
ReadTaskClass(): Task 3532 with 3732863704 instructions added at 12458844
ReadTaskClass(): Task 3533 with 4014726000 instructions added at 12460635
ReadTaskClass(): Task 3534 with 973694704 instructions added at 12460832
ReadTaskClass(): Task 3535 with 984109704 instructions added at 12461348
ReadTaskClass(): Task 3536 with 506597704 instructions added at 12461847
ReadTaskClass(): Task 3537 with 676845704 instructions added at 12463112
ReadTaskClass(): Task 3538 with 3312009704 instructions added at 12463179
ReadTaskClass(): Task 3539 with 2848048704 instructions added at 12463386
ReadTaskClass(): Task 3540 with 2168441704 instructions added at 12464252
ReadTaskClass(): Task 3541 with 4033940000 instructions added at 12465317
ReadTaskClass(): Task 3542 with 2493318704 instructions added at 12465839
ReadTaskClass(): Task 3543 with 3539314704 instructions added at 12466045
ReadTaskClass(): Task 3544 with 2749691704 instructions added at 12467769
ReadTaskClass(): Task 3545 with 2320641704 instructions added at 12467941
ReadTaskClass(): Task 3546 with 1428119704 instructions added at 12469405
ReadTaskClass(): Task 3547 with 2476094704 instructions added at 12469569
ReadTaskClass(): Task 3548 with 2108710704 instructions added at 12471001
ReadTaskClass(): Task 3549 with 1383675704 instructions added at 12474777
ReadTaskClass(): Task 3550 with 2174176704 instructions added at 12475155
ReadTaskClass(): Task 3551 with 1196217704 instructions added at 12475252
ReadTaskClass(): Task 3552 with 4174516000 instructions added at 12476788
ReadTaskClass(): Task 3553 with 1651165704 instructions added at 12479113
ReadTaskClass(): Task 3554 with 1968322704 instructions added at 12479503
ReadTaskClass(): Task 3555 with 1414142704 instructions added at 12479955
ReadTaskClass(): Task 3556 with 253093704 instructions added at 12482245
ReadTaskClass(): Task 3557 with 4106452000 instructions added at 12483304
ReadTaskClass(): Task 3558 with 3623326704 instructions added at 12485535
ReadTaskClass(): Task 3559 with 4203847000 instructions added at 12485672
ReadTaskClass(): Task 3560 with 160174704 instructions added at 12487187
ReadTaskClass(): Task 3561 with 3590950704 instructions added at 12487825
ReadTaskClass(): Task 3562 with 1572574704 instructions added at 12489376
ReadTaskClass(): Task 3563 with 2913181704 instructions added at 12490298
ReadTaskClass(): Task 3564 with 771264704 instructions added at 12490978
ReadTaskClass(): Task 3565 with 36355704 instructions added at 12492218
ReadTaskClass(): Task 3566 with 3677014704 instructions added at 12492246
ReadTaskClass(): Task 3567 with 3698902704 instructions added at 12492592
ReadTaskClass(): Task 3568 with 3067258704 instructions added at 12493133
ReadTaskClass(): Task 3569 with 4096753000 instructions added at 12493146
ReadTaskClass(): Task 3570 with 1449461704 instructions added at 12494267
ReadTaskClass(): Task 3571 with 721179704 instructions added at 12496617
ReadTaskClass(): Task 3572 with 3952993000 instructions added at 12498543
ReadTaskClass(): Task 3573 with 1936138704 instructions added at 12499000
ReadTaskClass(): Task 3574 with 278543704 instructions added at 12500421
ReadTaskClass(): Task 3575 with 273168704 instructions added at 12502915
ReadTaskClass(): Task 3576 with 1532444704 instructions added at 12503477
ReadTaskClass(): Task 3577 with 261871704 instructions added at 12505788
ReadTaskClass(): Task 3578 with 336691704 instructions added at 12505845
ReadTaskClass(): Task 3579 with 1126346704 instructions added at 12506032
ReadTaskClass(): Task 3580 with 3593777704 instructions added at 12506187
ReadTaskClass(): Task 3581 with 104364704 instructions added at 12506881
ReadTaskClass(): Task 3582 with 1019576704 instructions added at 12507539
ReadTaskClass(): Task 3583 with 3061987704 instructions added at 12507918
ReadTaskClass(): Task 3584 with 3264859704 instructions added at 12508455
ReadTaskClass(): Task 3585 with 4236275000 instructions added at 12509660
ReadTaskClass(): Task 3586 with 1143099704 instructions added at 12509862
ReadTaskClass(): Task 3587 with 1071761704 instructions added at 12509888
ReadTaskClass(): Task 3588 with 2304980704 instructions added at 12512136
ReadTaskClass(): Task 3589 with 4141311000 instructions added at 12512196
ReadTaskClass(): Task 3590 with 3411146704 instructions added at 12512600
ReadTaskClass(): Task 3591 with 2246943704 instructions added at 12513029
ReadTaskClass(): Task 3592 with 2187107704 instructions added at 12513370
ReadTaskClass(): Task 3593 with 3487349704 instructions added at 12514267
ReadTaskClass(): Task 3594 with 1731073704 instructions added at 12515116
ReadTaskClass(): Task 3595 with 141151704 instructions added at 12515192
ReadTaskClass(): Task 3596 with 1650861704 instructions added at 12515289
ReadTaskClass(): Task 3597 with 1036122704 instructions added at 12515463
ReadTaskClass(): Task 3598 with 4150432000 instructions added at 12516774
ReadTaskClass(): Task 3599 with 3192612704 instructions added at 12518568
ReadTaskClass(): Task 3600 with 3394155704 instructions added at 12520916
ReadTaskClass(): Task 3601 with 3010848704 instructions added at 12521175
ReadTaskClass(): Task 3602 with 1853750704 instructions added at 12522566
ReadTaskClass(): Task 3603 with 3465403704 instructions added at 12523056
ReadTaskClass(): Task 3604 with 1073076704 instructions added at 12523323
ReadTaskClass(): Task 3605 with 554439704 instructions added at 12523541
ReadTaskClass(): Task 3606 with 848770704 instructions added at 12525289
ReadTaskClass(): Task 3607 with 1510704 instructions added at 12525693
ReadTaskClass(): Task 3608 with 4263528000 instructions added at 12525878
ReadTaskClass(): Task 3609 with 84715704 instructions added at 12529831
ReadTaskClass(): Task 3610 with 302382704 instructions added at 12529904
ReadTaskClass(): Task 3611 with 3354800704 instructions added at 12530332
ReadTaskClass(): Task 3612 with 1212671704 instructions added at 12531633
ReadTaskClass(): Task 3613 with 404150704 instructions added at 12532237
ReadTaskClass(): Task 3614 with 1820208704 instructions added at 12533168
ReadTaskClass(): Task 3615 with 2248442704 instructions added at 12534465
ReadTaskClass(): Task 3616 with 2021090704 instructions added at 12534640
ReadTaskClass(): Task 3617 with 3174580704 instructions added at 12535398
ReadTaskClass(): Task 3618 with 1331647704 instructions added at 12535638
ReadTaskClass(): Task 3619 with 3292878704 instructions added at 12537002
ReadTaskClass(): Task 3620 with 2175187704 instructions added at 12537044
ReadTaskClass(): Task 3621 with 3616062704 instructions added at 12538044
ReadTaskClass(): Task 3622 with 3622379704 instructions added at 12538490
ReadTaskClass(): Task 3623 with 3239111704 instructions added at 12539376
ReadTaskClass(): Task 3624 with 1386545704 instructions added at 12539764
ReadTaskClass(): Task 3625 with 3297223704 instructions added at 12540652
ReadTaskClass(): Task 3626 with 393294704 instructions added at 12540786
ReadTaskClass(): Task 3627 with 2346989704 instructions added at 12540989
ReadTaskClass(): Task 3628 with 130428704 instructions added at 12541283
ReadTaskClass(): Task 3629 with 2144709704 instructions added at 12543260
ReadTaskClass(): Task 3630 with 1724110704 instructions added at 12543565
ReadTaskClass(): Task 3631 with 1828230704 instructions added at 12543572
ReadTaskClass(): Task 3632 with 2883985704 instructions added at 12548531
ReadTaskClass(): Task 3633 with 972457704 instructions added at 12548837
ReadTaskClass(): Task 3634 with 3101921704 instructions added at 12549952
ReadTaskClass(): Task 3635 with 2519206704 instructions added at 12550176
ReadTaskClass(): Task 3636 with 1798450704 instructions added at 12550566
ReadTaskClass(): Task 3637 with 3272753704 instructions added at 12550649
ReadTaskClass(): Task 3638 with 3678984704 instructions added at 12550913
ReadTaskClass(): Task 3639 with 1579164704 instructions added at 12553472
ReadTaskClass(): Task 3640 with 2641140704 instructions added at 12553559
ReadTaskClass(): Task 3641 with 3697636704 instructions added at 12554397
ReadTaskClass(): Task 3642 with 3712880704 instructions added at 12555185
ReadTaskClass(): Task 3643 with 909661704 instructions added at 12556152
ReadTaskClass(): Task 3644 with 834992704 instructions added at 12556918
ReadTaskClass(): Task 3645 with 867635704 instructions added at 12557683
ReadTaskClass(): Task 3646 with 1094426704 instructions added at 12558897
ReadTaskClass(): Task 3647 with 3538000704 instructions added at 12558992
ReadTaskClass(): Task 3648 with 3000264704 instructions added at 12559273
ReadTaskClass(): Task 3649 with 4055484000 instructions added at 12559300
ReadTaskClass(): Task 3650 with 3056568704 instructions added at 12560274
ReadTaskClass(): Task 3651 with 1908258704 instructions added at 12563864
ReadTaskClass(): Task 3652 with 2214814704 instructions added at 12564862
ReadTaskClass(): Task 3653 with 2935767704 instructions added at 12565452
ReadTaskClass(): Task 3654 with 62871704 instructions added at 12566108
ReadTaskClass(): Task 3655 with 431820704 instructions added at 12567699
ReadTaskClass(): Task 3656 with 3640721704 instructions added at 12569275
ReadTaskClass(): Task 3657 with 1417089704 instructions added at 12569783
ReadTaskClass(): Task 3658 with 4239940000 instructions added at 12570092
ReadTaskClass(): Task 3659 with 3536723704 instructions added at 12570858
ReadTaskClass(): Task 3660 with 3703795704 instructions added at 12572766
ReadTaskClass(): Task 3661 with 3308489704 instructions added at 12575259
ReadTaskClass(): Task 3662 with 3415192704 instructions added at 12575990
ReadTaskClass(): Task 3663 with 2850794704 instructions added at 12577169
ReadTaskClass(): Task 3664 with 2570468704 instructions added at 12581341
ReadTaskClass(): Task 3665 with 401816704 instructions added at 12583355
ReadTaskClass(): Task 3666 with 401552704 instructions added at 12584000
ReadTaskClass(): Task 3667 with 2784386704 instructions added at 12584520
ReadTaskClass(): Task 3668 with 2562779704 instructions added at 12584971
ReadTaskClass(): Task 3669 with 4055064000 instructions added at 12585365
ReadTaskClass(): Task 3670 with 1166653704 instructions added at 12585742
ReadTaskClass(): Task 3671 with 232682704 instructions added at 12585952
ReadTaskClass(): Task 3672 with 1718847704 instructions added at 12586500
ReadTaskClass(): Task 3673 with 1556389704 instructions added at 12586623
ReadTaskClass(): Task 3674 with 3518486704 instructions added at 12587645
ReadTaskClass(): Task 3675 with 3381814704 instructions added at 12590970
ReadTaskClass(): Task 3676 with 2348876704 instructions added at 12592435
ReadTaskClass(): Task 3677 with 3589235704 instructions added at 12593857
ReadTaskClass(): Task 3678 with 2916350704 instructions added at 12595400
ReadTaskClass(): Task 3679 with 201278704 instructions added at 12595671
ReadTaskClass(): Task 3680 with 2744764704 instructions added at 12595955
ReadTaskClass(): Task 3681 with 1526239704 instructions added at 12596048
ReadTaskClass(): Task 3682 with 1567386704 instructions added at 12596276
ReadTaskClass(): Task 3683 with 3596107704 instructions added at 12596996
ReadTaskClass(): Task 3684 with 1107930704 instructions added at 12597283
ReadTaskClass(): Task 3685 with 2157596704 instructions added at 12599132
ReadTaskClass(): Task 3686 with 2015884704 instructions added at 12599362
ReadTaskClass(): Task 3687 with 883442704 instructions added at 12602503
ReadTaskClass(): Task 3688 with 2756570704 instructions added at 12604025
ReadTaskClass(): Task 3689 with 103302704 instructions added at 12604114
ReadTaskClass(): Task 3690 with 3578416704 instructions added at 12605569
ReadTaskClass(): Task 3691 with 551453704 instructions added at 12605652
ReadTaskClass(): Task 3692 with 1438323704 instructions added at 12606153
ReadTaskClass(): Task 3693 with 991724704 instructions added at 12607663
ReadTaskClass(): Task 3694 with 3240861704 instructions added at 12608061
ReadTaskClass(): Task 3695 with 1610497704 instructions added at 12608244
ReadTaskClass(): Task 3696 with 3011963704 instructions added at 12608378
ReadTaskClass(): Task 3697 with 3048174704 instructions added at 12608953
ReadTaskClass(): Task 3698 with 624268704 instructions added at 12609058
ReadTaskClass(): Task 3699 with 128120704 instructions added at 12610849
ReadTaskClass(): Task 3700 with 1614219704 instructions added at 12611116
ReadTaskClass(): Task 3701 with 2370079704 instructions added at 12611838
ReadTaskClass(): Task 3702 with 1717671704 instructions added at 12612741
ReadTaskClass(): Task 3703 with 1336627704 instructions added at 12612798
ReadTaskClass(): Task 3704 with 3164484704 instructions added at 12613501
ReadTaskClass(): Task 3705 with 1170836704 instructions added at 12616077
ReadTaskClass(): Task 3706 with 417608704 instructions added at 12617253
ReadTaskClass(): Task 3707 with 1530412704 instructions added at 12617255
ReadTaskClass(): Task 3708 with 587082704 instructions added at 12618116
ReadTaskClass(): Task 3709 with 1952550704 instructions added at 12619761
ReadTaskClass(): Task 3710 with 1847414704 instructions added at 12619798
ReadTaskClass(): Task 3711 with 2488283704 instructions added at 12620252
ReadTaskClass(): Task 3712 with 1156352704 instructions added at 12620577
ReadTaskClass(): Task 3713 with 731418704 instructions added at 12622848
ReadTaskClass(): Task 3714 with 1168211704 instructions added at 12624072
ReadTaskClass(): Task 3715 with 3066068704 instructions added at 12624675
ReadTaskClass(): Task 3716 with 2365294704 instructions added at 12624787
ReadTaskClass(): Task 3717 with 1708698704 instructions added at 12626234
ReadTaskClass(): Task 3718 with 3096589704 instructions added at 12629731
ReadTaskClass(): Task 3719 with 28700704 instructions added at 12629968
ReadTaskClass(): Task 3720 with 4154349000 instructions added at 12630184
ReadTaskClass(): Task 3721 with 2355284704 instructions added at 12631132
ReadTaskClass(): Task 3722 with 3580857704 instructions added at 12633180
ReadTaskClass(): Task 3723 with 2569489704 instructions added at 12635759
ReadTaskClass(): Task 3724 with 896698704 instructions added at 12635851
ReadTaskClass(): Task 3725 with 4100530000 instructions added at 12637016
ReadTaskClass(): Task 3726 with 3634279704 instructions added at 12637586
ReadTaskClass(): Task 3727 with 1160748704 instructions added at 12638791
ReadTaskClass(): Task 3728 with 3572137704 instructions added at 12642151
ReadTaskClass(): Task 3729 with 100554704 instructions added at 12643843
ReadTaskClass(): Task 3730 with 754414704 instructions added at 12644723
ReadTaskClass(): Task 3731 with 1546581704 instructions added at 12645313
ReadTaskClass(): Task 3732 with 327257704 instructions added at 12645686
ReadTaskClass(): Task 3733 with 3444038704 instructions added at 12645702
ReadTaskClass(): Task 3734 with 3666019704 instructions added at 12646806
ReadTaskClass(): Task 3735 with 2472854704 instructions added at 12647099
ReadTaskClass(): Task 3736 with 331429704 instructions added at 12648293
ReadTaskClass(): Task 3737 with 2418678704 instructions added at 12648989
ReadTaskClass(): Task 3738 with 1782190704 instructions added at 12651571
ReadTaskClass(): Task 3739 with 4215286000 instructions added at 12651810
ReadTaskClass(): Task 3740 with 4246167000 instructions added at 12651953
ReadTaskClass(): Task 3741 with 2878134704 instructions added at 12652066
ReadTaskClass(): Task 3742 with 3312502704 instructions added at 12652113
ReadTaskClass(): Task 3743 with 3419164704 instructions added at 12652697
ReadTaskClass(): Task 3744 with 2264618704 instructions added at 12654032
ReadTaskClass(): Task 3745 with 1004868704 instructions added at 12654566
ReadTaskClass(): Task 3746 with 159319704 instructions added at 12655106
ReadTaskClass(): Task 3747 with 3609342704 instructions added at 12656124
ReadTaskClass(): Task 3748 with 4183866000 instructions added at 12656200
ReadTaskClass(): Task 3749 with 1406864704 instructions added at 12656699
ReadTaskClass(): Task 3750 with 720250704 instructions added at 12657624
ReadTaskClass(): Task 3751 with 51297704 instructions added at 12658231
ReadTaskClass(): Task 3752 with 868633704 instructions added at 12659070
ReadTaskClass(): Task 3753 with 1590332704 instructions added at 12659266
ReadTaskClass(): Task 3754 with 46402704 instructions added at 12660192
ReadTaskClass(): Task 3755 with 2372615704 instructions added at 12660422
ReadTaskClass(): Task 3756 with 2449505704 instructions added at 12661207
ReadTaskClass(): Task 3757 with 1746702704 instructions added at 12662035
ReadTaskClass(): Task 3758 with 3163104704 instructions added at 12664052
ReadTaskClass(): Task 3759 with 3348149704 instructions added at 12667100
ReadTaskClass(): Task 3760 with 1691422704 instructions added at 12667704
ReadTaskClass(): Task 3761 with 265441704 instructions added at 12669724
ReadTaskClass(): Task 3762 with 886553704 instructions added at 12671885
ReadTaskClass(): Task 3763 with 1720319704 instructions added at 12672029
ReadTaskClass(): Task 3764 with 163113704 instructions added at 12672384
ReadTaskClass(): Task 3765 with 1129597704 instructions added at 12673246
ReadTaskClass(): Task 3766 with 3555696704 instructions added at 12674458
ReadTaskClass(): Task 3767 with 445704 instructions added at 12675003
ReadTaskClass(): Task 3768 with 2635073704 instructions added at 12675329
ReadTaskClass(): Task 3769 with 1311209704 instructions added at 12679830
ReadTaskClass(): Task 3770 with 3683921704 instructions added at 12680501
ReadTaskClass(): Task 3771 with 1259499704 instructions added at 12681189
ReadTaskClass(): Task 3772 with 4107790000 instructions added at 12682976
ReadTaskClass(): Task 3773 with 1439227704 instructions added at 12683370
ReadTaskClass(): Task 3774 with 1641219704 instructions added at 12684644
ReadTaskClass(): Task 3775 with 155950704 instructions added at 12685701
ReadTaskClass(): Task 3776 with 344695704 instructions added at 12687603
ReadTaskClass(): Task 3777 with 2011470704 instructions added at 12688899
ReadTaskClass(): Task 3778 with 2947049704 instructions added at 12689054
ReadTaskClass(): Task 3779 with 1441802704 instructions added at 12689647
ReadTaskClass(): Task 3780 with 1521220704 instructions added at 12689986
ReadTaskClass(): Task 3781 with 4062689000 instructions added at 12692687
ReadTaskClass(): Task 3782 with 55731704 instructions added at 12693172
ReadTaskClass(): Task 3783 with 129194704 instructions added at 12693828
ReadTaskClass(): Task 3784 with 1359825704 instructions added at 12694549
ReadTaskClass(): Task 3785 with 4253030000 instructions added at 12695848
ReadTaskClass(): Task 3786 with 2294589704 instructions added at 12696807
ReadTaskClass(): Task 3787 with 287908704 instructions added at 12698353
ReadTaskClass(): Task 3788 with 1883529704 instructions added at 12699510
ReadTaskClass(): Task 3789 with 4072389000 instructions added at 12701031
ReadTaskClass(): Task 3790 with 2886112704 instructions added at 12701300
ReadTaskClass(): Task 3791 with 955409704 instructions added at 12702618
ReadTaskClass(): Task 3792 with 2493086704 instructions added at 12703224
ReadTaskClass(): Task 3793 with 2830837704 instructions added at 12703295
ReadTaskClass(): Task 3794 with 4086119000 instructions added at 12703336
ReadTaskClass(): Task 3795 with 2294720704 instructions added at 12703686
ReadTaskClass(): Task 3796 with 2954784704 instructions added at 12703866
ReadTaskClass(): Task 3797 with 1067827704 instructions added at 12704383
ReadTaskClass(): Task 3798 with 2416216704 instructions added at 12706436
ReadTaskClass(): Task 3799 with 4281446000 instructions added at 12706697
ReadTaskClass(): Task 3800 with 1521196704 instructions added at 12706749
ReadTaskClass(): Task 3801 with 3115369704 instructions added at 12708892
ReadTaskClass(): Task 3802 with 1274296704 instructions added at 12710672
ReadTaskClass(): Task 3803 with 669447704 instructions added at 12711725
ReadTaskClass(): Task 3804 with 2207751704 instructions added at 12712196
ReadTaskClass(): Task 3805 with 1325642704 instructions added at 12712382
ReadTaskClass(): Task 3806 with 3537840704 instructions added at 12712618
ReadTaskClass(): Task 3807 with 4242958000 instructions added at 12712835
ReadTaskClass(): Task 3808 with 172940704 instructions added at 12712893
ReadTaskClass(): Task 3809 with 3353089704 instructions added at 12712978
ReadTaskClass(): Task 3810 with 1441103704 instructions added at 12714230
ReadTaskClass(): Task 3811 with 4075833000 instructions added at 12717171
ReadTaskClass(): Task 3812 with 2820704704 instructions added at 12717353
ReadTaskClass(): Task 3813 with 4035149000 instructions added at 12718270
ReadTaskClass(): Task 3814 with 1665078704 instructions added at 12718354
ReadTaskClass(): Task 3815 with 1163237704 instructions added at 12720543
ReadTaskClass(): Task 3816 with 2651741704 instructions added at 12721734
ReadTaskClass(): Task 3817 with 3163137704 instructions added at 12724081
ReadTaskClass(): Task 3818 with 2092552704 instructions added at 12724699
ReadTaskClass(): Task 3819 with 2717771704 instructions added at 12724947
ReadTaskClass(): Task 3820 with 3978287000 instructions added at 12725270
ReadTaskClass(): Task 3821 with 2309229704 instructions added at 12725548
ReadTaskClass(): Task 3822 with 2077862704 instructions added at 12727537
ReadTaskClass(): Task 3823 with 1895320704 instructions added at 12728085
ReadTaskClass(): Task 3824 with 79913704 instructions added at 12733754
ReadTaskClass(): Task 3825 with 1386502704 instructions added at 12735086
ReadTaskClass(): Task 3826 with 1642849704 instructions added at 12738066
ReadTaskClass(): Task 3827 with 2131076704 instructions added at 12738495
ReadTaskClass(): Task 3828 with 1873218704 instructions added at 12738570
ReadTaskClass(): Task 3829 with 260278704 instructions added at 12738608
ReadTaskClass(): Task 3830 with 3449411704 instructions added at 12740565
ReadTaskClass(): Task 3831 with 2006771704 instructions added at 12741020
ReadTaskClass(): Task 3832 with 4081167000 instructions added at 12741171
ReadTaskClass(): Task 3833 with 1035966704 instructions added at 12741382
ReadTaskClass(): Task 3834 with 4159067000 instructions added at 12741511
ReadTaskClass(): Task 3835 with 1460049704 instructions added at 12741761
ReadTaskClass(): Task 3836 with 4017147000 instructions added at 12743192
ReadTaskClass(): Task 3837 with 1642517704 instructions added at 12744281
ReadTaskClass(): Task 3838 with 1041080704 instructions added at 12745173
ReadTaskClass(): Task 3839 with 3996295000 instructions added at 12745964
ReadTaskClass(): Task 3840 with 1114418704 instructions added at 12746687
ReadTaskClass(): Task 3841 with 2988989704 instructions added at 12750859
ReadTaskClass(): Task 3842 with 4032273000 instructions added at 12751054
ReadTaskClass(): Task 3843 with 2183708704 instructions added at 12752207
ReadTaskClass(): Task 3844 with 1919672704 instructions added at 12753146
ReadTaskClass(): Task 3845 with 2487770704 instructions added at 12753214
ReadTaskClass(): Task 3846 with 2216947704 instructions added at 12753834
ReadTaskClass(): Task 3847 with 4185853000 instructions added at 12755277
ReadTaskClass(): Task 3848 with 2117360704 instructions added at 12755676
ReadTaskClass(): Task 3849 with 1169767704 instructions added at 12757045
ReadTaskClass(): Task 3850 with 3014062704 instructions added at 12757276
ReadTaskClass(): Task 3851 with 1562787704 instructions added at 12760230
ReadTaskClass(): Task 3852 with 83777704 instructions added at 12763071
ReadTaskClass(): Task 3853 with 1487595704 instructions added at 12763986
ReadTaskClass(): Task 3854 with 820775704 instructions added at 12764718
ReadTaskClass(): Task 3855 with 2685159704 instructions added at 12765618
ReadTaskClass(): Task 3856 with 2775113704 instructions added at 12768316
ReadTaskClass(): Task 3857 with 4143263000 instructions added at 12768767
ReadTaskClass(): Task 3858 with 3959317000 instructions added at 12770451
ReadTaskClass(): Task 3859 with 4181343000 instructions added at 12771929
ReadTaskClass(): Task 3860 with 3447103704 instructions added at 12772955
ReadTaskClass(): Task 3861 with 4210535000 instructions added at 12773173
ReadTaskClass(): Task 3862 with 1708398704 instructions added at 12773433
ReadTaskClass(): Task 3863 with 750554704 instructions added at 12773593
ReadTaskClass(): Task 3864 with 2036156704 instructions added at 12774317
ReadTaskClass(): Task 3865 with 2587820704 instructions added at 12775806
ReadTaskClass(): Task 3866 with 4018884000 instructions added at 12776646
ReadTaskClass(): Task 3867 with 1132247704 instructions added at 12776819
ReadTaskClass(): Task 3868 with 4186282000 instructions added at 12777954
ReadTaskClass(): Task 3869 with 3320690704 instructions added at 12779243
ReadTaskClass(): Task 3870 with 2809209704 instructions added at 12779448
ReadTaskClass(): Task 3871 with 1176935704 instructions added at 12781599
ReadTaskClass(): Task 3872 with 670463704 instructions added at 12782931
ReadTaskClass(): Task 3873 with 727831704 instructions added at 12788066
ReadTaskClass(): Task 3874 with 3774207704 instructions added at 12788365
ReadTaskClass(): Task 3875 with 760501704 instructions added at 12788609
ReadTaskClass(): Task 3876 with 1816669704 instructions added at 12789975
ReadTaskClass(): Task 3877 with 1831112704 instructions added at 12790483
ReadTaskClass(): Task 3878 with 3606450704 instructions added at 12790484
ReadTaskClass(): Task 3879 with 4219757000 instructions added at 12790527
ReadTaskClass(): Task 3880 with 1270052704 instructions added at 12793422
ReadTaskClass(): Task 3881 with 3712168704 instructions added at 12793575
ReadTaskClass(): Task 3882 with 831368704 instructions added at 12794218
ReadTaskClass(): Task 3883 with 1958217704 instructions added at 12798974
ReadTaskClass(): Task 3884 with 3705055704 instructions added at 12799479
ReadTaskClass(): Task 3885 with 2858096704 instructions added at 12799527
ReadTaskClass(): Task 3886 with 2107751704 instructions added at 12800858
ReadTaskClass(): Task 3887 with 2299486704 instructions added at 12802143
ReadTaskClass(): Task 3888 with 1068306704 instructions added at 12803496
ReadTaskClass(): Task 3889 with 540577704 instructions added at 12806265
ReadTaskClass(): Task 3890 with 3733042704 instructions added at 12807732
ReadTaskClass(): Task 3891 with 658396704 instructions added at 12808182
ReadTaskClass(): Task 3892 with 1559196704 instructions added at 12810328
ReadTaskClass(): Task 3893 with 1726620704 instructions added at 12810495
ReadTaskClass(): Task 3894 with 4246510000 instructions added at 12811483
ReadTaskClass(): Task 3895 with 2546950704 instructions added at 12811618
ReadTaskClass(): Task 3896 with 2725860704 instructions added at 12811698
ReadTaskClass(): Task 3897 with 2678815704 instructions added at 12812960
ReadTaskClass(): Task 3898 with 2213461704 instructions added at 12812999
ReadTaskClass(): Task 3899 with 322155704 instructions added at 12813491
ReadTaskClass(): Task 3900 with 2936661704 instructions added at 12813653
ReadTaskClass(): Task 3901 with 3498181704 instructions added at 12813890
ReadTaskClass(): Task 3902 with 4052523000 instructions added at 12814234
ReadTaskClass(): Task 3903 with 1234607704 instructions added at 12816146
ReadTaskClass(): Task 3904 with 3243119704 instructions added at 12816839
ReadTaskClass(): Task 3905 with 3765927704 instructions added at 12817929
ReadTaskClass(): Task 3906 with 2792295704 instructions added at 12818873
ReadTaskClass(): Task 3907 with 139191704 instructions added at 12819747
ReadTaskClass(): Task 3908 with 1367838704 instructions added at 12820042
ReadTaskClass(): Task 3909 with 708834704 instructions added at 12822386
ReadTaskClass(): Task 3910 with 4141733000 instructions added at 12822677
ReadTaskClass(): Task 3911 with 2922063704 instructions added at 12823223
ReadTaskClass(): Task 3912 with 215653704 instructions added at 12824480
ReadTaskClass(): Task 3913 with 1809249704 instructions added at 12824545
ReadTaskClass(): Task 3914 with 2642677704 instructions added at 12828662
ReadTaskClass(): Task 3915 with 479233704 instructions added at 12829037
ReadTaskClass(): Task 3916 with 2165646704 instructions added at 12829639
ReadTaskClass(): Task 3917 with 183590704 instructions added at 12830086
ReadTaskClass(): Task 3918 with 119554704 instructions added at 12830879
ReadTaskClass(): Task 3919 with 1807000704 instructions added at 12833146
ReadTaskClass(): Task 3920 with 3396416704 instructions added at 12835446
ReadTaskClass(): Task 3921 with 482010704 instructions added at 12835943
ReadTaskClass(): Task 3922 with 1026290704 instructions added at 12836715
ReadTaskClass(): Task 3923 with 2954602704 instructions added at 12838383
ReadTaskClass(): Task 3924 with 3433580704 instructions added at 12839462
ReadTaskClass(): Task 3925 with 2539484704 instructions added at 12840034
ReadTaskClass(): Task 3926 with 4263515000 instructions added at 12840337
ReadTaskClass(): Task 3927 with 3490636704 instructions added at 12840742
ReadTaskClass(): Task 3928 with 2452887704 instructions added at 12842097
ReadTaskClass(): Task 3929 with 3238322704 instructions added at 12843326
ReadTaskClass(): Task 3930 with 4145622000 instructions added at 12843707
ReadTaskClass(): Task 3931 with 616672704 instructions added at 12845607
ReadTaskClass(): Task 3932 with 1664835704 instructions added at 12846341
ReadTaskClass(): Task 3933 with 3503649704 instructions added at 12847605
ReadTaskClass(): Task 3934 with 3193274704 instructions added at 12847942
ReadTaskClass(): Task 3935 with 4015589000 instructions added at 12849364
ReadTaskClass(): Task 3936 with 3070781704 instructions added at 12850198
ReadTaskClass(): Task 3937 with 138223704 instructions added at 12851811
ReadTaskClass(): Task 3938 with 270986704 instructions added at 12851882
ReadTaskClass(): Task 3939 with 2662496704 instructions added at 12852183
ReadTaskClass(): Task 3940 with 2024851704 instructions added at 12852304
ReadTaskClass(): Task 3941 with 3672764704 instructions added at 12852411
ReadTaskClass(): Task 3942 with 589406704 instructions added at 12852770
ReadTaskClass(): Task 3943 with 792845704 instructions added at 12853331
ReadTaskClass(): Task 3944 with 1578515704 instructions added at 12854932
ReadTaskClass(): Task 3945 with 460682704 instructions added at 12858556
ReadTaskClass(): Task 3946 with 1820859704 instructions added at 12858574
ReadTaskClass(): Task 3947 with 4094453000 instructions added at 12858645
ReadTaskClass(): Task 3948 with 1604166704 instructions added at 12859532
ReadTaskClass(): Task 3949 with 3260859704 instructions added at 12859749
ReadTaskClass(): Task 3950 with 2363575704 instructions added at 12859908
ReadTaskClass(): Task 3951 with 726710704 instructions added at 12863818
ReadTaskClass(): Task 3952 with 2158840704 instructions added at 12865026
ReadTaskClass(): Task 3953 with 1033057704 instructions added at 12866229
ReadTaskClass(): Task 3954 with 3121497704 instructions added at 12868788
ReadTaskClass(): Task 3955 with 1602174704 instructions added at 12870112
ReadTaskClass(): Task 3956 with 2695539704 instructions added at 12871931
ReadTaskClass(): Task 3957 with 1823792704 instructions added at 12872032
ReadTaskClass(): Task 3958 with 280658704 instructions added at 12873083
ReadTaskClass(): Task 3959 with 2355995704 instructions added at 12873084
ReadTaskClass(): Task 3960 with 3643902704 instructions added at 12875451
ReadTaskClass(): Task 3961 with 54824704 instructions added at 12876994
ReadTaskClass(): Task 3962 with 4289450000 instructions added at 12878010
ReadTaskClass(): Task 3963 with 1395492704 instructions added at 12878750
ReadTaskClass(): Task 3964 with 3165048704 instructions added at 12879734
ReadTaskClass(): Task 3965 with 893137704 instructions added at 12880438
ReadTaskClass(): Task 3966 with 2713953704 instructions added at 12881390
ReadTaskClass(): Task 3967 with 1047755704 instructions added at 12881676
ReadTaskClass(): Task 3968 with 2628026704 instructions added at 12883336
ReadTaskClass(): Task 3969 with 4142821000 instructions added at 12884684
ReadTaskClass(): Task 3970 with 1375037704 instructions added at 12886483
ReadTaskClass(): Task 3971 with 3733778704 instructions added at 12887054
ReadTaskClass(): Task 3972 with 203910704 instructions added at 12887084
ReadTaskClass(): Task 3973 with 3774754704 instructions added at 12889935
ReadTaskClass(): Task 3974 with 1432260704 instructions added at 12890030
ReadTaskClass(): Task 3975 with 2848983704 instructions added at 12890194
ReadTaskClass(): Task 3976 with 3386374704 instructions added at 12890335
ReadTaskClass(): Task 3977 with 3769226704 instructions added at 12891040
ReadTaskClass(): Task 3978 with 2808447704 instructions added at 12891107
ReadTaskClass(): Task 3979 with 3061534704 instructions added at 12892108
ReadTaskClass(): Task 3980 with 3958997000 instructions added at 12894833
ReadTaskClass(): Task 3981 with 1783658704 instructions added at 12894891
ReadTaskClass(): Task 3982 with 265786704 instructions added at 12895628
ReadTaskClass(): Task 3983 with 2424752704 instructions added at 12895852
ReadTaskClass(): Task 3984 with 3698400704 instructions added at 12896387
ReadTaskClass(): Task 3985 with 1298867704 instructions added at 12899434
ReadTaskClass(): Task 3986 with 3056297704 instructions added at 12900105
ReadTaskClass(): Task 3987 with 3981291000 instructions added at 12900348
ReadTaskClass(): Task 3988 with 2264860704 instructions added at 12900358
ReadTaskClass(): Task 3989 with 172609704 instructions added at 12900394
ReadTaskClass(): Task 3990 with 437211704 instructions added at 12901280
ReadTaskClass(): Task 3991 with 2710887704 instructions added at 12901851
ReadTaskClass(): Task 3992 with 3196532704 instructions added at 12904408
ReadTaskClass(): Task 3993 with 937893704 instructions added at 12904898
ReadTaskClass(): Task 3994 with 23883704 instructions added at 12905079
ReadTaskClass(): Task 3995 with 1849343704 instructions added at 12907048
ReadTaskClass(): Task 3996 with 498442704 instructions added at 12908527
ReadTaskClass(): Task 3997 with 388726704 instructions added at 12908845
ReadTaskClass(): Task 3998 with 2792950704 instructions added at 12908906
ReadTaskClass(): Task 3999 with 760804704 instructions added at 12911545
ReadTaskClass(): Task 4000 with 125560704 instructions added at 12912072
ReadTaskClass(): Task 4001 with 3747673704 instructions added at 12912141
ReadTaskClass(): Task 4002 with 1647541704 instructions added at 12912832
ReadTaskClass(): Task 4003 with 422467704 instructions added at 12913498
ReadTaskClass(): Task 4004 with 1270252704 instructions added at 12913549
ReadTaskClass(): Task 4005 with 942931704 instructions added at 12913993
ReadTaskClass(): Task 4006 with 3221252704 instructions added at 12914629
ReadTaskClass(): Task 4007 with 243328704 instructions added at 12915113
ReadTaskClass(): Task 4008 with 2154291704 instructions added at 12916151
ReadTaskClass(): Task 4009 with 3526556704 instructions added at 12916311
ReadTaskClass(): Task 4010 with 1590550704 instructions added at 12916394
ReadTaskClass(): Task 4011 with 2937255704 instructions added at 12917477
ReadTaskClass(): Task 4012 with 743803704 instructions added at 12918172
ReadTaskClass(): Task 4013 with 1049412704 instructions added at 12918627
ReadTaskClass(): Task 4014 with 2611228704 instructions added at 12918645
ReadTaskClass(): Task 4015 with 3997894000 instructions added at 12918799
ReadTaskClass(): Task 4016 with 2282925704 instructions added at 12919013
ReadTaskClass(): Task 4017 with 546296704 instructions added at 12920290
ReadTaskClass(): Task 4018 with 2476097704 instructions added at 12922215
ReadTaskClass(): Task 4019 with 743826704 instructions added at 12922821
ReadTaskClass(): Task 4020 with 372465704 instructions added at 12923815
ReadTaskClass(): Task 4021 with 4262583000 instructions added at 12924617
ReadTaskClass(): Task 4022 with 151650704 instructions added at 12925200
ReadTaskClass(): Task 4023 with 2473376704 instructions added at 12926252
ReadTaskClass(): Task 4024 with 1490162704 instructions added at 12927047
ReadTaskClass(): Task 4025 with 1677182704 instructions added at 12927981
ReadTaskClass(): Task 4026 with 2992332704 instructions added at 12931645
ReadTaskClass(): Task 4027 with 2224972704 instructions added at 12933468
ReadTaskClass(): Task 4028 with 3095656704 instructions added at 12937209
ReadTaskClass(): Task 4029 with 1201763704 instructions added at 12938406
ReadTaskClass(): Task 4030 with 1847497704 instructions added at 12939152
ReadTaskClass(): Task 4031 with 1816249704 instructions added at 12940396
ReadTaskClass(): Task 4032 with 3366416704 instructions added at 12943788
ReadTaskClass(): Task 4033 with 889436704 instructions added at 12945761
ReadTaskClass(): Task 4034 with 453848704 instructions added at 12946128
ReadTaskClass(): Task 4035 with 3267451704 instructions added at 12946412
ReadTaskClass(): Task 4036 with 3131335704 instructions added at 12947145
ReadTaskClass(): Task 4037 with 1856367704 instructions added at 12947428
ReadTaskClass(): Task 4038 with 924557704 instructions added at 12952593
ReadTaskClass(): Task 4039 with 2431205704 instructions added at 12952680
ReadTaskClass(): Task 4040 with 2049042704 instructions added at 12954878
ReadTaskClass(): Task 4041 with 4135210000 instructions added at 12955196
ReadTaskClass(): Task 4042 with 405060704 instructions added at 12955432
ReadTaskClass(): Task 4043 with 865814704 instructions added at 12957236
ReadTaskClass(): Task 4044 with 3972928000 instructions added at 12958142
ReadTaskClass(): Task 4045 with 4164683000 instructions added at 12959455
ReadTaskClass(): Task 4046 with 877312704 instructions added at 12959494
ReadTaskClass(): Task 4047 with 351252704 instructions added at 12961639
ReadTaskClass(): Task 4048 with 4112602000 instructions added at 12962420
ReadTaskClass(): Task 4049 with 1652542704 instructions added at 12965508
ReadTaskClass(): Task 4050 with 2187922704 instructions added at 12967797
ReadTaskClass(): Task 4051 with 3483704704 instructions added at 12967818
ReadTaskClass(): Task 4052 with 4265170000 instructions added at 12968067
ReadTaskClass(): Task 4053 with 278585704 instructions added at 12968067
ReadTaskClass(): Task 4054 with 1106975704 instructions added at 12970095
ReadTaskClass(): Task 4055 with 1894186704 instructions added at 12970502
ReadTaskClass(): Task 4056 with 1269766704 instructions added at 12971369
ReadTaskClass(): Task 4057 with 279587704 instructions added at 12971658
ReadTaskClass(): Task 4058 with 2901950704 instructions added at 12972241
ReadTaskClass(): Task 4059 with 2748681704 instructions added at 12974058
ReadTaskClass(): Task 4060 with 3777311704 instructions added at 12974245
ReadTaskClass(): Task 4061 with 2135454704 instructions added at 12974606
ReadTaskClass(): Task 4062 with 4140325000 instructions added at 12976133
ReadTaskClass(): Task 4063 with 3211910704 instructions added at 12977081
ReadTaskClass(): Task 4064 with 993630704 instructions added at 12977824
ReadTaskClass(): Task 4065 with 4154395000 instructions added at 12978367
ReadTaskClass(): Task 4066 with 2217403704 instructions added at 12979004
ReadTaskClass(): Task 4067 with 3999378000 instructions added at 12980826
ReadTaskClass(): Task 4068 with 4283379000 instructions added at 12983753
ReadTaskClass(): Task 4069 with 1024512704 instructions added at 12983855
ReadTaskClass(): Task 4070 with 3164766704 instructions added at 12984026
ReadTaskClass(): Task 4071 with 593494704 instructions added at 12984625
ReadTaskClass(): Task 4072 with 2813660704 instructions added at 12985338
ReadTaskClass(): Task 4073 with 1875467704 instructions added at 12987376
ReadTaskClass(): Task 4074 with 3351002704 instructions added at 12987571
ReadTaskClass(): Task 4075 with 764743704 instructions added at 12987812
ReadTaskClass(): Task 4076 with 1572542704 instructions added at 12988032
ReadTaskClass(): Task 4077 with 1705932704 instructions added at 12989239
ReadTaskClass(): Task 4078 with 736924704 instructions added at 12989791
ReadTaskClass(): Task 4079 with 2539016704 instructions added at 12990181
ReadTaskClass(): Task 4080 with 4074516000 instructions added at 12991549
ReadTaskClass(): Task 4081 with 2970095704 instructions added at 12992964
ReadTaskClass(): Task 4082 with 4162192000 instructions added at 12993505
ReadTaskClass(): Task 4083 with 1244758704 instructions added at 12994485
ReadTaskClass(): Task 4084 with 4121782000 instructions added at 12995432
ReadTaskClass(): Task 4085 with 1298960704 instructions added at 12996143
ReadTaskClass(): Task 4086 with 3748441704 instructions added at 12998472
ReadTaskClass(): Task 4087 with 1281561704 instructions added at 13000785
Init(): Found 4088 tasks
Init(): Found 16 machines
Init(): About to initialize scheduler
Scheduler::Init(): Machines discovered = 16. Using Greedy Power-Aware Scheduler (Final).
Init(): Starting simulation
Simulate(): There are 4089 events in the simulator
[WARN] Force-completing overrun task 34
[WARN] Force-completing overrun task 36
[WARN] Force-completing overrun task 35
[WARN] Force-completing overrun task 37
[WARN] Force-completing overrun task 38
[WARN] Force-completing overrun task 39
[WARN] Force-completing overrun task 40
[WARN] Force-completing overrun task 41
[WARN] Force-completing overrun task 42
[WARN] Force-completing overrun task 43
[WARN] Force-completing overrun task 44
[WARN] Force-completing overrun task 45
[WARN] Force-completing overrun task 46
[WARN] Force-completing overrun task 47
Caught an exception!
Machine::AttachVM(): Attempt at attaching virtual machine 2 to machine 1 while in sleep mode
Bailing out!
